编号,标准问题,答案,所属分类
1,什么是“检务公开”？,“检务公开”是指检察机关依法向社会和诉讼参与人公开与检察职权相关的、不涉及国家秘密和个人隐私等的有关活动和事项。它是司法公开的重要组成部分，是检察机关为推进司法民主、自觉接受人民群众和社会各界监督而采取的一项重要举措。,检务公开
2,实行“检务公开”有什么意义？,实行“检务公开”，是检察机关全面贯彻落实科学发展观，推动检察工作科学发偎的具体体现；是落实依法治国基本方略，实现司法为民、司法便民、司法护民，保障公民合法权益的有力举措；是坚持和发展社会主义民主，建设社会主义政治文明，保障社会公平和正义，构建社会主义和谐社会的必然要求;是坚持“强化法律监督、维护公平正义”的检察工作主题，正确履行检察职能，接受社会监督，保障人民群众实现宪法赋予的知情权、参与权、监督权等民主权利的有效途径；是推进检察改革，增强检察工作透明度，提高办事效率，促进严格、公正、文明执法，提高检察官素质和执法水平的重要保障。,检务公开
3,"实行""检务公开”应当遵循哪些原则？",实行“检务公开”应当遵循以下四项原则：一是严格依法原则。按照法律和有关司法解释规定，对应当向社会和诉讼参与人公开与检察职权相关的活动和事项都要予以公开。二是真实充分原则。除因涉及国家秘密等原因外，对依法应该公开的事项，都要充分公开、如实公开。三是及时便民原则。检察机关应当采取多种形式，向社会和诉讼参与人公布、宣传“检务公开的内容，以便于当事人行使知情权、参与权和监督权。四是开拓创新原则。随着国家的法治进步，“检务公开”的内容、范围、方式和途径等也应不断丰富、不断完善。,检务公开
4,最高人民检察院《关于进一步深化人民检察院“检务公开”的意见》充实完善了哪些内容？,最高人民检察院《关于进一步深化人民检察院“检务公开”的意见》，在1998年“检务十公开”的基础上，从十三个方面进行了充实完善：一是检察官的任职资格和管理，二是检察人员任职回避和公务回避，三是人民检察院保障律师在刑事诉讼中依法执业的规定，四是在刑事诉讼活动中开展法律援助工作的规定，五是不起诉案件公开审查规则，六是普通程序简化审理“被告人认罪案件”程序，七是适用简易程序审理公诉案件的程序，八是人民检察院刑事申诉案件公开审查程序规定，九是国家刑事赔偿的规定，十是民事行政抗诉案件办案规则，十一是检察机关人民监督员制度试点工作的规定，十二是检察工作纪律和检察官职业道德规范，十三是其他依法应当予以公开的内容。,检务公开
5,落实“检务公开”需要严格执行哪些工作制度？,"落实“检务公开”需要严格执行以下八项工作制度：一是要严格执行诉讼权利义务告知制度。对各个诉讼环节的诉讼参与人必须依法告知权利义务，并将告知的内容通过办案笔录、诉讼文书、工作文书等予以明确记载。主动公开依法可以公开的诉讼程序、诉讼期限等信息，同时根据有关诉讼参与人的申请，可以有针对性地公开有关内容。三是完善定期通报和新闻发言人制度。省级以上人民检察院应当建立新闻发言人制度^各级人民检察院要定期通报有关情况，增强检察工作的透明度，自觉接受人民群众和社会各界的监督。四是充分发挥人民监督员和专家咨询委员的作用。这样可以增强检察决策的民主化，提高捡察机关的社会公信力。五是建立责任追究制度。对于检察人员严重违反“检务公开”规定，不履行告知义务而影响诉讼参与人行使权利的，应当予以追究；情节严重的，要按照《检察人员纪律处分条例（试行）》严肃处理。六是建立监督保障机制。健全“检务公开”的监督、检查机制，同时提供必要的组织、物质条件，保障“检务公开”持续、有序、深入开展。	k七是妥善处理公开与保密的关系。除了依法应当公开的内容外，在检察工作中，有关涉及国家秘密、商业秘密、个人隐私、未成年人案件、检察委员会讨论的内部情况等，不得对外公开。八是尊重少数民族语言。在民族自治地方和少数民族聚居区，“检务公开”除使用汉语语言文字外，还要有少数民族语言文字版，做到汉语和少数民族语言并重。",检务公开
6,第二部分科学发展观和社会主义法治理念检察工作要树立哪些与科学发展观要求相适应的执法观念？,科学发展观是关于发展的世界观和方法论，是中国特色社会主义理论体系的重要组成部分。检察工作贯彻落实科学发展观，要树立以下四种与科学发展观要求相适应的执法观念：一要牢固树立推动科学发展、促进社会和谐的大局观，始终把检察工作放到中国特色社会主义事业发展全局中谋划和推进，自觉服务于社会主义经济建设、政治建设、文化建设、社会建设以及生态文明建设。二要牢固树立一热为本、执法为民的执法观，始终以人民满意为标准，贴近群众，依靠群众，服务群众，切实把严格执法、公正执法、文明执法统一到为民执法的工作中去。三要牢固树立办案力度、质量、效率、效果相统一■的政绩观，形成符合科学发展观和正确政绩观要求的执法导向。四要牢固树立监督者更要接受监督的权力观，既讲强化法律监督，又讲加强自身监督，切实防止检察权的滥用，以过硬的自身素质以及严格、公正、文明执法树立法律监督权威。,检务公开
7,检察工作科学发展的根本目标是什么？,检察机关要深入贯彻落实科学发展观，履行好宪法和法律赋予的职责，必须牢牢把握检察工作科学发展“一个保障，四个维护”的根本目标:一是保障经济社会又好又快发展，不断增强为发展服务的自觉性和坚定性，努力为经济社会又好又快发展提供有力的司法保障；二是维护社会和谐稳定，充分发挥打击预防犯罪、化解矛盾纠纷的职能作用，最大限度地促进社会和谐稳定；三是维护社会公平正义，切实把强化法律监督、维护公平正义作为根本任务来抓，不断满足全社会对公平正义的需要；四是维护人民权益，思民之所忧，做民之所盼，着力解决人民最关心、最直接、最现实的利益问题，为人民安居乐业提供有力的法治保障和法律服务；五是维护社会主义法制统一、尊严、权威，在坚持严格、公正、文明执法的同时，依法监督纠正各种执法不严、司法不公的突出问题，保障国家法律的统一正确实施。,检务公开
8,检察工作贯彻落实科学发展观需要正确认识和妥善处理哪些重大关系？,"检察工作贯彻落实科学发展观需要正确认识和妥善处理以下五个重大关系，以促进检察工作全面、协调、可持续发展：一要正确处理促进经济社会科学发展与实现检察工作科学发展的关系，把服务经济社会科学发展作为根本要求，并以实现检察工作科学发展为前提；二要正确处理业务建设、队伍建设与保障建设的关系，坚持以业务建设为中心，队伍建设为根本，保障建设为基础，统筹兼顾，互相促进；三要正确处理重点工作与基层基础工作的关系，善于从全局上总览和谋划，既突出重点，抓住关键，又加^虽基层基础工作，夯实检察工作科学发展的根基；	丨四要正确处理近期工作与长远发展的关系，既注重解决现实矛盾和问题，又以开阔眼界、战略思维和辩证观点谋划和推动检察工作长远发展；五要正确处理执法工作中的监督与配合、打击与保护、惩治与预防、实体与程序、刑事与民事、严格执行法律与贯彻党和国家政策等关系，全面正确履行各项法律监督职能，努力实现法律效果、政治效果和社会效果的有机统一。",检务公开
9,什么是社会主义法治理念？,社会主义法治理念实质上就是政法工作的指导思想。社会主义法治理念是以马克思列宁主义、毛泽东思想、邓小平理论和“三个代表”重要思想为指导，坚持科学发展观，在总结中国特色社会主义法治建设实践经验，合理借鉴中外法治文明发展的优秀成果的基础上形成的，是科学的、先进的理念，为当前和今后建设社会主义法治国家提供了正确的思想指南。社会主义法治理念的内容可概括为依法治国、执法为民、公平正义、服务大局、党的领导五个方面。其中，依法治国是核心内容，执法为民是本质要求，公平正义是价值追求，服务大局是童要使命，党的领导是根本保证。,检务公开
10,河南省人民检察院在检察工作中坚持党的领导有哪些明确要求？,坚持党的领导，是做好检察工作应遵循的根本原则。河南省人民检察院在检察工作中主要从四个方面坚持这一根本原则：一是坚持依法办事，确保公正司法;二是坚持重大工作部署和查办要案的党内请示报告制度，以便及时得到党委的领导和支持，确保检察工作取得良好效果；三是对党委从当地实际情况出发所作的重大工作部署和对检察工作的重要指示，要结合最高人民检察院和上级人民检察院的工作安排，认真研究，抓好落实，在促进改革发展稳定工作中发挥积极作用；四是深入调查研究，及时反映情况，通过调研报告、检察建议等形式，为党委当好参谋助手。,检务公开
11,河南省人民检察院在检察工作中自觉接受人大监督有哪些具体要求？,自觉接受人大监督，是正确发挥检察职责的重要保证。河南省人民检察院在检察工作中主要从五个方面认真落实：一是认真贯彻人大通过的各项决议，严格执行人大通过的各项法律法规和其他重要决定；二是认真落实报告和汇报制度，检察机关除每年一次向人民代表大会报告工作外，凡是重要的工作部署、工作中采取的重大措施等，都要及时向同级人大常委会汇报，听取意见；三是认真接受人大执法检查评议，积极主动配合，如实汇报情况，虚心听取意见，认真制定整改措施，逐项抓好落实；四是认真办理人大代表提出的建议以及人大常委会交办的案件、其他事项，按规定时限办结、反馈，对不能按时办结的，要及时报告工作进展情况；五是加强同人大代表的联系，通过邀请人大代表视察和参加专门座谈会等形式，听取其意见、建议，改进检察工作。,检务公开
12,检察工作服务大局的基本要求有哪些？,服务大局是检察工作的重要使命。检察工作要服务好大局必须把握好三个方面的基本要求：一是胸怀大局是前提，即要始终做到脑里想着大局，心里装着大局，准确把握大局，自觉服务大局；二是立足职能是基础，即不能脱离法定的职责去服务大局，把服务大局的各项措施落实到履行检察职责的全过程；三是正确履行职责是关键，即要把服务大局的着力点放在依法履行法律监督职责上，适应新的形势和任务，找准履行服务大局的结合点，不断探索服务大局的新途径、新方法。,检务公开
13,河南省人民检察院制定了哪些服务大局的重大措施？,围绕大局谋划和推进检察工作，既是检察工作科学发展的前提和基础，又是检察工作科学发展的重要目的。2003年以来，河南省人民检察院在充分发挥检察职能服务大局方面先后制定了五个规范性文件，在引导全省检察机关清醒把握大局、及时服务大局方面起到了重要作用。这五个规范性文件分别是：2003年制定下发的《河南省人民检察院关于为非公有制经济服务的意见》，2004年制定下发的《河南省人民检察院优化企业经营环境十项承诺》，2005年制定下发的《河南省人民检察院关于全面履行法律监督职能为构建和谐中原提供有力法治保障的意见》，2006年制定下发的《河南省人民检察院关于认真履行法律监督职能积极为社会主义新农村建设服务的意见》，2008年制定下发的《河南省人民检察院关于认真履行法律监督职能服务农村改革发展的意见》。,检务公开
14,我国检察机关是怎样建立和发展起来的？,我国检察机关产生于新民主主义革命时期。1931年11月7日，中华苏维埃共和国在江西瑞金成立，临时中央政府颁布了《中华苏维埃共和国中央苏维埃组织法》，制定了《裁判部暂行组织及裁判条例》，规定了检察机构的设置及职权。随后，中华苏维埃共和国中央工农检察人民委员部成立。1949年9月，中国人民政治协商会议第一届全体会议制定了《中国人民政治协商会议共同纲领》和《中华人民共和国中央人民政府组织法》，据此，中央人民政府组织最高人民检察署作为国家的最高检察机关。1954年9月，第一届全国人民代表大会第一次会议颁布了新中国第一部宪法，通过了《人民检察院组织法》，明确了检察机关在国家机构中的地位，改署为院，确立了检察机关的垂直领导体制。,检务公开
15,检察机关是什么时候恢复重建的？,“文化大革命”期间，检察机关被撤销，检察人员被遣散，检察工作被迫停止。1975年1月，第四届全国人民代表大会第一次会议通过的《宪法》规定“检察机关的职权由各级公安机关行使”，检察机关不仅在事实上而且在宪法上被撤销。“文化大革命”结束后，1978年3月，第五届全国人民代表大会第一次会议通过的《宪法》规定重新设置人民检察院。同年6月1日，最高人民检察院正式挂牌办公，标志着我国检察机关恢复重建。至1979年底，各级检察机关普遍组建起来。1978年7月17日，河南省人民检察院开始筹建，同年12月25日，开始对外办公。,检务公开
16,《宪法》对检察机关的性质是如何规定的？,《宪法》规定，人民检察院是国家的法律监督机关。人民检察院依照法律规定独立行使检察权，不受行政机关、社会团体和个人的干涉。,检务公开
17,《宪法》对检察机关的领导体制是如何规定的？,《宪法》规定，检察机关由人民代表大会产生，对它负责，受它监督。中华人民共和国设立最高人民检察院、地方各级人民检察院和军事检察院等专门人民检察院。最高人民检察院领导地方各级人民检察院和专门人民检察院的工作，上级人民检察院领导下级人民检察院的工作。最高人民检察院对全国人民代表大会和全国人民代表大会常务委员会负责。地方各级?人民检察院对产生它的国家权力机关和上级人民检察院负责。,检务公开
18,"中国特色社会主义检察制度的""中国特色”体现在哪些方面？",中国特色社会主义检察制度是以马克思主义法律观为指导，在紧密结合我国国情、总结我国社会主义检察实践成功经验、借鉴其他国家有益做法的基础上建立起来的，具有鲜明的中国特色：在检察制度的本质上，检察权来源于人民，服务于人民；在检察机关的宪法定位上，人民检察院是国家法律监督机关，由人民代表大会产生，对人民负责，受人民监督；在检察权的配置上，人民检察院不仅有公诉权，而且还有审查批准、决定逮捕、职务犯罪侦查以及对诉讼活动的法律监督等职权；在检察权的行使上，人民检察院既依法独立行使检察权，又接受党的领导、人大监督、政协监督、社会监督和群众监督，在办理刑事案件中与公安机关、人民法院分工负责、互相配合、互相制约。,检务公开
19,做好新时期检察工作需要坚持哪“五个必须”？,检察机关恢复重建30年来，积累了许多宝贵经验，为做好新时期检察工作奠定了坚实的思想基础。这些经验归结起来就是“五个必须”:一是必须坚持党对检察工作的统一领导，确保检察工作坚定正确的政治方向；二是必须坚持自觉接受各级人大和人民群众的监督，确保检察机关依法、独立、公正行使检察权；三是必须坚持检察机关的宪法定位，确保国家法律监督机关的职能得到充分发挥；四是必须坚持把人民满意作为检察工作的根本标准，确保人民群众对检察机关的新要求和新期待不断得到满足；五是必须坚持用社会主义法治理念武装检察干警头脑，确保检察队伍建设这一根本始终得到加强。,检务公开
20,当前和今后一个时期检察工作的总体思路和基本要求是什么？,根据党的十七大精神和胡锦涛总书记等中央领导同志对检察工作的重要指示精神，当前和今后一个时期检察工作的总体思路和基本要求是：高举中国特色社会主义伟大旗帜，深人学习实践科学发展观，坚持社会主义法治理念，坚持党的事业至上、人民利益至上、宪法法律至上，坚持“强化法律监督、维护公平正义”的检察工作主题，以维护人民利益为根本，以维护社会公平正义和社会和谐稳定为目标，不断深化检察体制和工作机制改革，不断完善中国特色社会主义检察制度，不断加强高素质检察队伍建设，不断提高检察工作水平，努力开创中国特色社会主义检察事业的新局面。,检务公开
21,深化司法体制和工作机制改革的目的是什么？,根据《中央政法委关于深化司法体制和工作机制改革若干问题的意见》，深化司法体制和工作机制改革的目的，就是要从人民群众的司法需求出发，以解决影响司法公正、制约司法能力的突出问题为重点，推进社会主义司法制度的自我完善和发展，建设公正、高效、权威的社会主义司法制度，为中国特色社会主义事业提供可靠的司法保障与和谐稳定的社会环境。,检务公开
22,深化检察体制和工作机制改革必须坚持哪些原则？,深化检察体制和工作机制改革必须坚持的原则是：坚持党对检察改革的统一领导，坚持人民检察院的宪法定位，坚持从国情出发，坚持群众路线，坚持依法推进改革。,检务公开
23,深化检察体制和工作机制改革的重点是什么？,深化检察体制和工作机制改革的重点是：一是优化检察权配置，完善法律监督的范围、程序和措施，加强对诉讼活动的法律监督，切实维护司法公正；二是改革和完善检察机关接受监督和制约制度，规范执法行为，保障检察权依法、公正行使；三是完善检察工作中贯彻落实宽严相济刑事政策的制度和措施，创新检察工作机制，增强惩治犯罪、保障人权、维护社会和谐稳定的能力；四是改革和完善检察机关组织体系和检察干部管理制度，进一步提高工作效能，加强检察队伍建设；五是改革和完善检察经费保障机制，为检察事业发展提供更加坚实有力的经费和物质保障。,检务公开
24,人民检察院的法律监督权主要包括哪些内容？,概括地说，人民检察院的法律监督权主要包括五个方面的内容:一是对公安机关和国家安全机关立案侦查的危害国家安全、影响社会稳定、破坏经济秩序、侵犯公民人身权利和财产权利等刑事犯罪，依法审查批捕、审查起诉和出庭支持公诉;二是对检察机关直接受理的国家工作人员利用职权实施的贪污贿赂、渎职侵权等职务犯罪案件，进行侦查，决定逮捕和提起公诉，并结合办案进行预防；三是对侦查机关的立案、侦查活动是否合法实行监督；四是对人民法院的刑事裁判以及民事、行政裁判是否正确和审判活动是否合法实行监督；五是对监狱、看守所等执行机关执行刑罚的活动是否合法实行监督。,检务公开
25,人民检察院控告申诉检察部门、举报中心的基本职责有哪些？,人民检察院控告申诉检察部门、举报中心的基本职责有:负责受理报案、举报和控告，接受犯罪嫌疑人的自首；对报案、举报和控告进行分流，对检察机关管辖的性质不明、难以归口处理的举报线索进行初查；受理不服人民检察院不批准逮捕、不起诉、撤销案件及其他处理决定的申诉；受理不服人民法院已经发生法律效力的刑事判决、裁定的申诉；办理人民检察院负有赔偿义务的刑事赔偿案件等工作。,检务公开
26,人民检察院反贪污贿赂部门的基本职责有哪些？,人民检察院反贪污贿赂部门的基本职责有：对国家工作人员利用职权实施的贪污、贿赂、挪用公款等职务犯罪案件进行立案侦查并结合办案开展职务犯罪预防工作。,检务公开
27,人民检察院反渎职侵权部门的基本职责有哪些？,人民检察院反渎职侵权部门的基本职责有：对国家机关工作人员的渎职犯罪和国家机关工作人员利用职权实施的非法拘禁、刑讯逼供、报复陷害、非法搜查、暴力取证、破坏选举等侵犯公民人身权利和民主权利的犯罪案件进行立案侦查并结合办案开展职务犯罪预防工作。,检务公开
28,人民检察院侦查监督部门的基本职责有哪些？,人民检察院侦查监督部门的~基本职责有：对侦查机关提请批准逮捕的刑事案件犯罪嫌疑人审查是否同意逮捕，对人民检察院侦查部门移送审查逮捕的职务犯罪案件犯罪嫌疑人审查决定是否逮捕，对提请延长侦查羁押期限的案件审查决定是否延长羁押期限，对侦查机关的立案和侦查活动是否合法进行监督。,检务公开
29,人民检察院公诉部门的基本职责有哪些？,人民检察院公诉部门的基本职责有：对侦查机关和人民检察院侦查部门移送审查起诉、移送审查不起诉的案件进行审查，决定是否提起公诉或不起诉;对侦查机关的侦查活动实行监督；出席法庭支持公诉并对人民法院的审判活动实行监督;对确有错误的刑事判决、裁定提出抗诉。,检务公开
30,人民检察院监所检察部门的基本职责有哪些？,人民检察院监所检察部门的基本职责有：对刑罚执行机关和刑罚执行场所的刑罚执行活动是否合法实行监督；对刑罚执行和监管活动中的职务犯罪案件进行立案侦查并开展职务犯罪预防工作；对监外执行的罪犯和劳教人员又犯罪案件审查逮捕、审查起诉，对立案、侦查和审判活动是否合法实行监督；受理被监管人及其近亲属、法定代理人的控告、举报和申诉。,检务公开
31,人民检察院民事行政检察部门的基本职责有哪些？,人民检察院民事行政检察部门的基本职责有：对民事审判活动、行政诉讼活动实行法律监督，对符合法定条件的人民法院生效民事、行政判决和裁定依法提出抗诉，对在办理民事、行政申诉案件过程中发现的审判人员、执行人员职务犯罪案件线索进行初查、立案侦查。,检务公开
32,人民检察院职务犯罪预防部门的基本职责有哪些？,人民检察院职务犯罪预防部门的基本职责有：负责研究分析典型职务犯罪的特点、规律，提出防范对策，并协助有关单位落实；开展预防咨询和警示教育；管理检察机关行贿犯罪档案查询系统并受理查询。,检务公开
33,人民检察院检察技术部门的基本职责有哪些？,人民检察院检察技术部门的基本职责有：负责人民检察院有关业务部门送检案件的检验鉴定和文证审查工作；对有关案件的现场进行勘验，收集、固定和提取与案件有矣的痕迹物证并进行科学鉴定；承办人民检察院讯问职务犯罪嫌疑人同步录音录像工作；负责人民检察院鉴定机构、鉴定人登记管理工作;负责检察机关信息化工作的规划、指导与管理等工作。,检务公开
34,人民检察院纪检、监察部门的基本职责有哪些？,人民检察院纪检、监察部门的基本职责有：负责受理群众和社会各界对检察人员利用职权进行违法违纪行为的举报和控告，并进行查处；通过执法监察、巡视、检务督察、经济责任审计等形式，加强对检察机关领导班子、领导干部和执法办案活动的监督等工作。,检务公开
35,检察权的行使需要接受哪些外部监督制约？,检察权作为一项重要的司法权，在行使过程中需要接受外部监督制约。这种监督制约主要体现在七个方面：一是坚持党的领导；二是自觉接受人民代表大会及其常委会的监督；三是接受政协的民主监督；四是接受人民群众的社会监督和新闻媒体的舆论监督；五是在刑事诉讼活动中坚持公检法三机关分工负责、互相配合、互相制约的基本原则；六是聘请特约检察员，对检察工作进行咨询和监督；七是实行人民监督员制度（试点），对查办职务犯'罪工作的“三类案件”和“五种情形”进行监督。,检务公开
36,检察权的行使在内部监督制约中有哪些具体要求？,检察权的行使除了需要接受外部监督制约外，在内部也建立完善了一系列纵向和横向的监督制约机制。在纵向上，主要是加强上级检察机关对下级检察机关的领导和监督。这种领导和监督表现在多个方面：在领导班子和队伍建设方面，如下级人民检察院领导班子配备、党风廉政建设、履行职责能力等，上级人民检察院就可以通过确定人选、年度党风廉政建设责任制考察、巡视等途径实现领导和监督职责；在检察业务工作方两，如明确规定被害人、公安机关不服不起诉决定，向上级检察机关申诉或提请复核的，上级检察机关应当及时受理申诉和进16行复核，实行职务犯罪案件立案、逮捕和撤案、不起诉报上一级人民检察院审批、备案的“双报批、双备案”制度等；在对下级人民检察院执行上级人民检察院有关要求的监督方面，实行检务督察制度。在横向上，实行检察机关内部各业务部门职能分工和相互制约，如实行侦查、批捕、起诉分设；实行检察长分管业务分离制度，如侦查、批捕、起诉工作分别由不同的检察长分管;在职务犯罪案件侦查工作中，实行讯问犯罪嫌疑人、证人同步录音录像制度等。,检务公开
37,什么是人民监督员制度？,人民监督员制度是人民监督员按照既定的程序和规则监督检察机关执法活动的程序和制度。实行人民监督员制度，是最高人民检察院根据党的十六大关于推进司法体制改革的精神，着眼于解决检察机关查办职务犯罪工作存在的突出问题，在深入调查研究、充分论证的基础上实施的一项重要体制改革措施，其根本目的在于加强对检察机关查办职务犯罪的监督，从制度上保障检察权@正确行使。,检务公开
38,担任人民监督员应当具备哪些条件？,人民监督员由机关、团体、企业、事业单位和基层组织经民主推荐、征得本人同意、考察后确认。人民监督员的任期为三年，连任不得超过两个任期。担任人民监督员应当具备下列条件：拥护中华人民共和国宪法；有选举权和被选举权；年满二十三岁；公道正派，有一定的文化水平和政策、法律知识；身体健康。,检务公开
39,哪些人员不得担任人民监督员？,根据最高人民检察院《关于实行人民监督员制度的规定(试行）》，有下列情形之一的不得担任人民监督员：受过刑事处罚或者受到刑事追究的，被开除公职或者开除留用的，因职务原因可能影响履行人民监督员职责的。,检务公开
40,人民监督员监督“三类案件”的具体内容是什么？,人民监督员对人民检察院查办职务犯罪案件中的“三类案件”实施监督，“三类案件”的具体内容是:犯罪嫌疑人不服逮捕决定的，人民检察院拟撤销案件的，人民检察院拟不起诉的。涉及国家秘密或者经特赦令免除刑罚以及犯罪嫌疑人死亡的职务犯罪案件不适用此规定。,检务公开
41,人民监督员监督“五种情形”的具体内容是什么？,人民监督员监督“五种情形”的具体内容是:应当立案而不立案或者不应当立案而立案的，超期羁押的，违法搜查、扣押、冻结的，应当给予刑事赔偿而不依法予以确认或者不执行刑事赔偿决定的，检察人员在办案中有徇私舞弊、贪赃枉法、刑讯逼供、暴力取证等违法违纪情况的。,检务公开
42,人民监督员在履行监督职责过程中应当遵守哪些规定？,人民监督员参加案件监督工作，应当保守秘密，不得泄露评议表决情况，不得对其他人民监督员施加不正当影响，不得私自会见案件当事人及其委托的人，不得实施其他违背公正监督的行为。人民监督员在履行监督职责过程中有违法违纪行为的，人民检察院应当建议相关部门对其进行处分；构成犯罪的，应当依法追究刑事责任。,检务公开
43,职务犯罪案件犯罪嫌疑人不服逮捕决定的应当如何启动人民监督员监督程序？,案件承办人在对被逮捕的职务犯罪案件犯罪嫌疑人进行第一次讯问时，应当将《逮捕羁押期限及权利义务告知书》交犯罪嫌疑人，同时告知其如不服逮捕决定可以要求重新审查。犯罪嫌疑人不服逮捕决定的，应当自告知之日起五日内向案件承办部门提出，并附申辩理由。案件承办部门收到不服逮捕决定、要求重新审查的申辩后，应立即将犯罪嫌疑人的申辩材料转交侦查监督部门。侦查监督部门另行指定承办人员审查并在三日内提出审查意见。维持原逮捕决定的，侦查监督部门应当及时将书面意见和相关材料移送人民监督员办公室，并做好接受监督的准备。人民监督员办公室收到相关材料后，应及时组织人民监督员对案件进行监督。,检务公开
44,人民检察院拟撤销和拟不起诉职务犯罪案件的应当如何启动人民监督员监督程序？,人民检察院拟撤销和拟不起诉职务犯罪案件的，侦查案件部门和公诉部门应当及时将书面意见和相关材料移送人民监督员办公室，并做好接受监督的准备。人民监督员办公室收到书面意见和相关材料后，应当及时组织人民监督员对案件进行监督。,检务公开
45,人民监督员参加案件监督工作应当通过什么方式确定？,人民监督员参加案件监督工作应当在人民监督员名单中依照排序或随机抽取的方式确定，根据案情需要，确定三名以上、总数为单数的人民监督员参加案件监督工作。参加案件监督工作的人民监督员每次临时推举其中一人主持评议、表决。人民监督员在表决时具有同等的表决权。参加案件监督工作的人民监督员确定后，案件承办部门应当及时将参加案件监督工作的人民监督员的名单告知本案当事人及其法定代理人，同时告知其有权要求人民监督员回避。,检务公开
46,参加案件监督工作的人民监督员在哪些情形下应当自行回避？,参加案件监督工作的人民监督员具有下列情形之一的，应当自行回避，当事人及其法定代理人也有权要求其回避：是本案的当事人或者当事人的近亲属的；本人或者其近亲属与本案有利害关系的；担任过本案的证人、鉴定人、辩护人、诉讼代理人的；与本案有其他关系，可能影响公正履行案件监督职责的。出现上述情形之一，本人未提出回避或者当事人及其法定代理人未要求回避的，人民检察院应当决定其回避。人民监督员的回避由检察长决定。,检务公开
47,人民监督员的监督工作应当依照哪些步骤进行？,人民监督员的监督工作应当依照下列步骤进行：由案件承办人向人民监督员全面、客观地介绍案情并出示主要证据；由案件承办人向人民监督员说明与案件相关的法律适用情况；人民监督员可以向案件承办人提出问题，必要时可以旁听案件承办人讯问犯罪嫌疑人、询问证人、听取有关人员陈述、听取本案律师的意见；人民监督员根据案件情况，独立进行评议、表决。表决采用无记名投票方式，按少数服从多数的原则形成表决意见，表决意见由承办案件部门附卷存档。,检务公开
48,人民监督员的监督意见对检察机关的决定有何影响？,检察长或者检察委员会应当分别根据职责权限，对人民监督员的表决意见和有关检察业务部门的意见进行审查，必要时可以听取人民监督员和有关检察业务部门的意见。审查后同意人民监督员表决意见的，有关检察业务部门应当执行；检察长不同意人民监督员表决意见的，应当提请检察委员会讨论;检察委员会不同意人民监督员表决意见的，应当依法做出决定，由人民监督员办公室向参加案件监督工作的人民监督员作出说明。,检务公开
49,参加案件监督工作的多数人民监督员对检察委员会的决定有异议时该怎么处理？,参加案件监督工作的多数人民监督员对检察委员会的决定有异议时，可以要求提请上一级人民检察院复核。复核工作由人民监督员办公室转交案件承办部门办理。上一级人民检察院应当及时复核并反馈结果。上一级人民检察院的决定，下级人民检察院应当执行。,检务公开
50,人民监督员监督案件期限是如何规定的？,人民监督员监督案件期限自人民监督员办公室所收案件相关材料齐备之日起至人民监督员形成表决意见之日止。一般案件，监督期限应在七日内；重大复杂案件，监督期限可以延长至十五日。人民检察院不得因人民监督员的监督而超过法定办案期限。,检务公开
51,什么是检察官？,检察官是依法彳了使国家检察权的检察人员，包括最高人民检察院、地方各级人民检察院和军事检察院等专门人民检察院的检察长、副检察长、检察委员会委员、检察员和助理检察员。,检务公开
52,担任检察官必须具备哪些条件？,根据《检察官法》规定，担任检察官必须具备下列条件：具有中华人民共和国国籍；年满二十三岁；拥护中华人民共和国宪法；有良好的政治、业务素质和良好的品行；身体健康；高等院校法律专业本科毕业或者高等院校非法律专业本科毕业具有法律专业知识，从事法律工作满两年，其中担任省人民检察院检察官、自治区人民检察院检察官、直辖市人民检察院检察官、最高人民检察院检察官，应当从事法律工作满三年；获得法律专业硕士学位、博士学位或者非法律专业硕士学位、博士学位具有法律专业知识，从事法律工作满一年，其中担任省人民检察院检察官、自治区人民检察院检察官、直辖市人民检察院检察官、最高人民检察院检察官，应当从事法律工作满两年。,检务公开
53,哪些人员不能担任检察官？,根据《检察官法》规定，有下列情形之一的人员不得担任检察官：曾因犯罪受过刑事处罚的，曾被开除公职的。,检务公开
54,检察官的任免有哪些规定？,全国人民代表大会及其常务委员会、地方各级人民代表大会及其常务委员会和各级人民检察院的检察长有任免检察官的权力。最高人民检察院检察长由全国人民代表大会选举和罢免，副检察长、检察委员会委员和检察员由最高人民检察院检察长提请全国人民代表大会常务委员会任免。地方各级人民检察院检察长由地方各级人民代表大会选举和罢免，副检察长、检察委员会委员和检察员由地方各级人民检察院检察长提请地方各级人民代表大会常务委员会任免。地方各级人民检察院检察长的任免，须报上一级人民检察院检察长提请该级人民代表大会常务委员会批准。在省、自治区内按地区设立的和在直辖市内设立的人民检察院分院检察长、副检察长、检察委员会委员和检察员由省、自治区、直辖市人民检察院检察长提请该级人民代表大会常务委员会任免。人民检察院的助理检察员由该院检察长任免。,检务公开
55,检察官的等级共分为多少级？,检察官的等级共分为十二级。最高人民检察院检察长为首席大检察官，二至十二级检察官分为大检察官、高级检察官、检察官。检察官等级的确定，以检察官所任职务、德才表现、业务水平、检察工作实绩和工作年限为依据。,检务公开
56,检察官具备哪些条件应当给予奖励？,检察官有下列表现之一的，应当给予奖励：在检察工作中秉公执法，成绩显著的；提出检察建议或者对检察工作提出改革建议被采纳，效果显著的；保护国家、集体和人民利益，使其免受重大损失，事迹突出的；勇于同违法犯罪行为作斗争，事迹突出的；保护国家秘密和检察工作秘密，有显著成绩的；有其他功绩的。,检务公开
57,检察官有哪些行为应当给予惩戒？,检察官有下列行为的，应当给予惩戒：散布有损国家声誉的言论，参加非法组织，参加旨在反对国家的集会、游行、示威等活动，参加罢工；贪污受贿；徇私枉法；刑讯逼供；隐瞒证据或者伪造证据；泄露国家秘密或者检察工作秘密；滥用职权，侵犯自然人、法人或者其他组织的合法权益；玩忽职守，造成错案或者给当事人造成严重损失；拖延办案，贻误工作；利用职权为自己或者他人谋取私利；从事营利性的经营活动；私自会见当事人及其代理人，接受当事人及其代理人的请客送礼多其他违法乱纪的行为。,检务公开
58,检察官具有哪些情形应当予以辞退？,检察官有下列情形之一的，应当予以辞退：在年度考核中，连续两年确定为不称职的；不胜任现职工作，又不接受另行安排的；因检察机构调整或者缩减编制员额需要调整工作，本人拒绝合理安排的；旷工或者无正当理由逾假不归连续超过十五天，或者一年内累计超过三十天的，不履行检察官义务，经教育仍不改正的。,检务公开
59,检察人员的任职回避有哪些规定？,检察人员（指各级人民检察院检察官、书记员、司法行政人员和司法警察）之间有夫妻关系、直系血亲关系、三代以内旁系血亲关系以及近姻亲关系的，不得同时担任下列职务：同一人民检察院的检察长、副检察长、检察委员会委员，同一人民检察院的检察长、副检察长和检察员、助理检察员、书记员、司法警察、司法行政人员，同一工作部门的检察员、助理检察员、书记员、司法警察、司法行政人员，上下相邻两级人民检察院的检察长、副检察长。,检务公开
60,检察人员的公务回避有哪些要求？,检察人员从事检察活动，具有下列情形之一的，应当自行回避，当事人及其法定代理人也有权要求其回避：是本案的当事人或者是本案的当事人的近亲属的；本人或者其近亲属和本案有利害关系的；担任过本案的证人、鉴定人、辩护人、诉讼代理人的与本案当事人有其他关系，可能影响公正处理案件的。检察人员在检察活动中，接受当事人及其委托的人的请客送礼或者违反规定会见当事人及其委托的人的，当事人及其法定代理人有权要求其回避。检察人员离任后两年内，不得担任诉讼代理人和辩护人。,检务公开
61,中央政法委“四条禁令”的具体内容是什么？,中央政法委“四条禁令”的具体内容是：绝对禁止政法干警接受案件当事人请吃喝、送钱物，绝对禁止对告诉求助群众采取冷漠、生硬、蛮横、推诿等官老爷态度，绝对禁止政法干警打人、骂人、刑讯逼供等违法乱纪行为，绝对禁止政法干警参与经营娱乐场所或为非法经营活动提供保护。,检务公开
62,检察人员“八要八不准”的具体内容是什么？,"检察人员“八要八不准""的具体内容是：要热爱人民，不准骄横霸道；要服从指挥，不准各行其是；要忠于职守，不准滥用职权；要秉公执法，不准徇私舞弊；要调查取证，不准刑讯逼供；要廉洁奉公，不准贪赃枉法；要提高警惕，不准泄漏机密；要接受监督，不准文过饰非。",检务公开
63,"检察机关办案工作中必须严格执行哪“九条硬性规定""?检察机关办案工作中必须严格执行下列“九条硬性规定"":严禁超越管辖范围办案；严禁对证人采取任何强制措施；立案前不得对犯罪嫌疑人采取强制措施；严禁超期羁押；不得把检察院的讯问室当成羁押室；讯问一般应在看守所进行，必须在检察院进行讯问的，要严格执行还押制度；凡在办案中搞刑讯逼供的，先下岗，再处理；因玩忽职守、非法拘禁、违法办案等致人死亡的，除依法依纪追究直接责任人员外，对于领导失职渎职的一律给予撤职处分；严禁截留、挪用、私分扣押款物",,检务公开
64,"最高人民检察院“廉洁从检十项纪律""的具体内容是什么？","最高人民检察院“廉洁从检十项纪律""的具体内容是：不准泄露案情或为当事人打探案情；不准私自办理或干预案件；不准私自会见案件当事人及其委托人或者接受上述人员的宴请、礼物和提供的娱乐活动；不准利用工作之便占用外单位及其人员的交通、通信工具；不准参加用公款支付或可能影响公务的营业性歌厅、舞厅、夜总会等高消费场所的娱乐健身活动；不准接受下级人民检察院来京人员的宴请或提供的娱乐活动以及收受礼品；不准在工作日饮酒或者着检察制服（警服）在公共场所饮酒；不准对告诉求助群众采取冷漠、生硬、蛮横、推诿等官老爷态度；不准经商办企业或利用职务之便为亲属经商办企业谋取利益；不准擅自开设银行账户，私设“小金库”。",检务公开
65,检察机关办理案件必须严格执行哪“六条规定”？,检察机关办理案件必须严格执行下列“六条规定”：举报线索必须统一管理，个人不得私自处理，更不得瞒案不报、压案不查。立案必须严格执行法定的案件管辖、立案条件和程序；撤销案件，必须严格审批手续，不得违反规定立案、撤案。审查逮捕必须严格依法进行，对于有证据证明有犯罪事实、符合逮捕条件的，应当依法批准或者决定逮捕，坚决防止该捕不捕、打击不力；公安机关认为不批准逮捕的决定有错误要求复议的，必须更换承办人予以复议。变更、撤销逮捕措施，必须严格按照法律规定的条件和程序进行，不得随意、私自变更、撤销逮捕措施。审查起诉必须严格依法进行，不得对符合起诉条件的案件做出不起诉决定；公安机关认为不起诉的决定有错误要求复议的，必须更换承办人予以复议。办理申诉案件必须由两名以上办案人员依法进行，不得私自接待申诉人，不得私自处理申诉案件。,检务公开
66,"检察机关领导干部必须遵守的“六个严禁""是什么？",检察机关领导干部必须遵守的“六个严禁”是：严禁办理关系案、人情案、金钱案；严禁违反职责分工或规定程序干预办案；严禁买官卖官、跑官要官，违反规定任免干部；严禁插手工程招标投标、政府采购等经济活动，谋取私利；严禁接受可能影响公务的宴请、礼物或娱乐活动；严禁利用职权为亲属、子女或身边工作人员谋取利益。,检务公开
67,违反“严禁检察人员违规驾车四项规定”会受到哪些处分？,违反“严禁检察人员违规驾车四项规定”，根据不同情况分别给予以下相应的处分：．违反严禁酒后驾驶机动车规定的，予以辞退；造成交通事故并致人重伤、死亡或重大经济损失的，给予开除处分。.违反严禁无证驾驶机动车规定的，给予批评教育或警告以上处分；经教育或处分仍不改正的，予以辞退；造成交通事故并致人重伤、死亡或重大经济损失的，给予开除处分。.违反严禁交通肇事后逃逸规定的，一律给予开除处分。.违反严禁警车私用规定的，给予警告以上处分；造成交通事故并致人重伤、死亡或重大经济损失的，给予开除处分。,检务公开
68,最高人民检察院禁酒令的具体内容有哪些？,最高人民检察院禁酒令的具体内容主要有五个方面：严禁工作时间和工作日中午饮酒，违者给予批评教育；情节较重的给予纪律处分；造成恶劣影响的，予以辞退或者开除。严禁执法办案期间饮酒，违者给予纪律处分；造成严重后果的，予以辞退或者开除。严禁携带枪支、弹药、档案、案卷、案件材料、秘密文件或者其他涉密载体饮酒，违者视情节给予记过、记大过、降级、撤职处分；造成严重后果的，予以辞退或者开除。严禁佩戴检察标志和着法警制服在公共场所饮酒，违者给予批评教育；情节较重的给予纪律处分；造成恶劣影响的，予以辞退或者开除。严禁酒后驾驶机动车辆，违者予以辞退；造成严重后果的，予以开除。,检务公开
69,检察人员违反检察纪律的行为包括哪些方面？,检察人员违反检察纪律的行为包括十个方面：违反政治纪律的行为，违反组织、人事纪律的行为，违反办案纪律的行为，贪污贿赂行为，违反廉洁从检规定的行为，违反财经纪律的行为，失职、渎职行为，违反警械警具和车辆管理规定的行为，严重违反社会主义道德的行为，妨碍社会管理秩序的行为。,检务公开
70,检察人员纪律处分分为几种？,违反检察纪律的检察人员，根据其错误行为事实、性质和情节，依照《检察人员纪律处分条例（试行）》，给予纪律处分；情节显著轻微，经批评教育确已认识错误的，可以免予处分或者不予处分。检察人员纪律处分分为警告、记过、记大过、降级、撤职、开除等六种。,检务公开
71,检察官职业道德规范包括哪些具体内容？,检察官职业道德规范包括以下四个方面的具体内容：．忠诚。忠于党，忠于国家，忠于人民，忠于事实和法律，忠于人民检察事业，恪尽职守，乐于奉献。公正。崇尚法治，客观求实，依法独立行使检察权，坚持法律面前人人平等，自觉维护程序公正和实体公正。．清廉。模范遵守法纪，保持清正廉洁，淡泊名利，不徇私情，自尊自重，接受监督。.严明。严格执法，文明办案，刚正不阿，敢于监督，勇于纠错，捍卫宪法和法律尊严。第九部分举报须知和信访规定,检务公开
72,人民检察院文明接待十句文明用语是什么？,人民检察院文明接待十句文明用语是：您好，请进，请坐；欢迎您向检察机关反映问题，请讲；请不要着急，慢慢讲；对不起，没有听清楚，请您再重复一遍；您反映的问题，属于检察机关管辖的，检察机关会认真依法处理，处理结果会向您反馈；根据法律规定，您反映的问题不属于检察机关管辖，您递交的材料我们会转给有关部门处理，您也可以直接向有关部门反映；您反映的案件处理情况，我们已向您反馈，您还有什么意见；我们不接受礼物，请您收回；感谢您对我们工作的支持和理解；谢谢，没关系，这是我们应该做的。,检务公开
73,人民检察院文明接待十句工作忌语是什么？,人民检察院文明接待十句工作忌语是：你来干啥，谁让你来的；上次给你讲清楚了，怎么又来了；没看见正忙着，添什么乱；你反映的问题检察院不管，爱找谁找谁；乱七八糟的，回去想清楚再来；快点说，别哕嗦；我就这水平，不满意找领导去；我们就这样处理，有本事往上告去；别烦人，回去等着吧；少讲废话，快点走。,检务公开
74,检察机关的举报制度是怎样建立和发展起来的？,检察机关的举报制度始建于20世纪80年代，是适应打击严重经济犯罪需要而产生的。1988年3月8日，深圳市人民检察院成立不全国第一个经济罪案举报中心，得到最高人民检察院的充分肯定。此后，一些检察院相继成立经济罪案举报中心。1988年6月，中共中央发出了《关于党和国家机关必须保持廉洁的通知》，指出要建立并逐步健全人民检举制度，在各级监察机关和检察机关设立举报中心。同月，最高人民检察院发出通知，明确要求各级检察院设立经济罪案举报中心。随着各级检察院经济罪案举报中心的建立，在检察系统中形成了覆盖全国的举报网络。2008年3月，最高人民检察院在深圳召开了经济罪案举报中心成立20周年纪念大会，对进一步完善举报制度、方便人民群众举报、充分发挥举报中心的作用进行了深人研究,检务公开
75,公民举报职务犯罪可以采用哪些方式？,公民举报职务犯罪常用的方式有书信举报、电话举报、当面举报、预约举报、网络举报、短信举报等。公民个人可以根据具体情况确定采用合适的举报方式。为便于工作开展，提倡公民实名举报。,检务公开
76,人民检察院直接受理举报的范围有哪些？,人民检察院直接受理举报的范围有：贪污贿赂犯罪，国家机关工作人员的渎职犯罪，国家机关工作人员利用职权实施的非法拘禁、刑讯逼供、报复陷害、非法搜查、暴力取证、虐待被监管人、破坏选举等侵犯公民人身权利和民主权利的犯罪。,检务公开
77,举报人采用走访形式举报的，人民检察院应当如何受理？,举报人采用走访形式举报的，人民检察院应当指派两名以上工作人员在专门场所接待，也可以到举报人认为合适的地方接待。接待举报人时应当制作笔录，载明举报人的姓名、单位、住址和举报的具体内容，经宣读或者交举报人阅读无误后，由举报人和负责接待的工作人员签名或者盖章。需要录音录像的，事先应当征得举报人同意。对多人采用走访形式举报同一职务犯罪行为的，应当要求举报人推选代表，代表人数一般不超过五人。接待举报人的工作人员应当告知举报人要如实举报和捏造、歪曲事实应当承担的法律责任。,检务公开
78,人民检察院对实名举报答复的内容、方式有哪些要使用真实姓名或者单位名称举报的属于实名举报。人民检察院对实名举报除通讯地址不详以外，应将处理情况和办理结果及时答复举报人。对采用走访形式举报的，应当场答复是否受理；不能当场答复的，应当自接待举报人之日起十日内答复。答复的内容包括办理的过程、认定的实事和证据、处理结果和法律依据。答复可以采取口头、书面或者其他适当方式进行。口头答复的，应当制作答复笔录，载明答复的时间、地点、参加人、答复内容举报人对答复的意见等。书面答复的，应当制作答复函。邮寄答复函时不得使用有人民检察院字样的信封。,,检务公开
79,人民检察院保护举报人的措施主要有哪些？,人民检察院应当依法保护举报人及其近亲属的合法权益。人民检察院保护举报人的措施主要有以下四个方面：一是严禁泄露举报人的姓名、工作单位、家庭住址等个人信息，严禁将举报材料转给被举报人或者被举报单位。二是调查核实情况时，不得出示举报材料原件或者复印件，不得暴露举报人；对匿名信函除侦查工作需要外，不准鉴定三是宣传报道和奖励举报有功人员，除本人同意外，不得公开举报人的姓名、单位。四是对打击报复举报人的，如果属于国家机关工作人员滥用职权、假公济私，对举报人实行报复陷害构成犯罪的，应当依法立案侦查，追究责任人的刑事责任；如果打击报复举报人不构成犯罪的，应当移送主管部门处理。,检务公开
80,人民检察院对举报有功人员是否进行奖励？,举报线索经查证属实，被举报人构成犯罪的，应当给予举报人一定的精神奖励和物质奖励。人民检察院根据举报追回赃款的，应当在举报所涉事实追缴赃款的百分之十以内发放奖金，每案数额一般不超过十万元。举报人有重大贡献的，经省级人民检察院批准，可以在十万元以上给予奖励，数额不超过二十万元。有特别重大贡献的，经最高人民检察院批准，不受上述数额的限制。经查证属实构成犯罪但没有追回赃款的案件，可以酌情给予举报人五千元以下的奖励。对举报渎职侵权案件有功的举报人员，可以参照上述规定给予奖励。,检务公开
81,人民检察院铱法处理哪些信访事项？,人民检察院依法处理的信访事项主要有八类：一是反映国家工作人员职务犯罪的举报；二是不服人民检察院处理决定的申诉；三是反映公安机关侦查活动存在违法行为的控告；四是不服人民法院生效判决、裁定的申诉；五是反映刑事案件判决、裁定的执行以及监狱、看守所、劳动教养机关的活动存在违法行为的控告；六是反映人民检察院工作人员违法违纪行为的控告；七是加强、改进检察工作和队伍建设的建议和意见；八是其他依法应当由人民检察院处理的信访事项。,检务公开
82,人民检察院对信访事项的管辖是如何规定的？,人民检察院管辖信访事项的基本原则是属地管辖、分级负责，具体要求是三个方面：一是各级人民检察院受理应当由本院管辖的控告、举报和申诉以及信访人提出的意见和建议；是上级人民检察院受理信访人不服下级人民检察院对信访事项的处理意见出的复查请求；三是上级人民检察院认为有必要时，可以直接受理由下级人民检察院管辖的信访事项，也可以将本院管辖的信访事项在受理后交由下级人民检察院办理。,检务公开
83,人民检察院对检察长和业务部门负责人接待人民群众来访有哪些具体要求？,人民检察院实行检察长和业务部门负责人接待人民群众来访制度。接待时间和地点应当向社会公布。市、县级人民检察院检察长和业务部门负责人接待的时间，每年应当不少于十二次，每次不少于半天。省级以上人民检察院检察长和业务部门负责人每年应当根据情况不定期安排接待时间，或者深人基层组织开展联合接访活动。,检务公开
84,人民检察院办理信访事项的具体要求有哪些？,人民检察院办理信访事项应当听取信访人陈述事实和理由，必要时可以要求信访人、有关组织和人员说明情况，需要进一步核实情况的，可以向其他组织和人员调查了解。办理重大、复杂、疑难信访事项，应当由检察长组织专门力量调查处理。,检务公开
85,人民检察院办理信访事项中应当如何答复信访人？,人民检察院办理信访事项中应当区分情况依法作出处理，并答复信访人：事实清楚，符合法律政策规定的，应当支持；信访人提出的建议和意见，有利于改进工作的，应当研究论证并予以采纳；缺乏事实根据或者不符合法律政策规定的，不予支持，并向信访人做好解释疏导工作。,检务公开
86,人民检察院办理信访事项的期限有何要求？,人民检察院办理信访事项有严格的时限限制，具体要求是：承办部门应当在收到本院控告申诉检察部门转送的信访事项之日起六十日内办结；情况复杂，逾期不能办结的，报经分管检察长批准后，可适当延长办理期限，并通知控告申诉检察部门，延长期限不得超过三十日；法律、法规另有规定的，从其规定。,检务公开
87,人民检察院答复信访事项办理结果有哪些要求？,事事有结果，件件有答复，是人民检察院办理信访事项的基本要求。信访事项办理结果的答复由承办该信访事项的人民检察院控告申诉检察部门负责，除因通讯地址不详等情况无法答复以外，原则上应当书面答复信访人。重大、复杂、疑难信访事项的答复应当由承办部门和控告申诉检察部门共同负责，必要时可以举行公开听证。举报答复应当注意保密，依法保护举报人的合法权益。需要以邮寄方式书面答复署名举报人的，应当挂号邮寄并不得使用有人民检察院字样的信封。,检务公开
88,信访人对人民检察院处理意见不服的应该怎么办？,信访人对人民检察院处理意见不服的，可以依照有关规定提出复查请求。人民检察院收到复查请求后应当进行审查，符合立案复查规定的应当立案复查，不符合立案复查规定的应当书面答复信访人。,检务公开
89,人民检察院对信访人不依法信访的行为应当如何处理？,信访人信访应当遵守国家有关规定，不能以信访为名从事违法犯罪活动。人民检察院信访接待人员应当告知信访人依照国家有关规定到指定地点反映诉求，做到依法有序信访。对于信访人的下列行为，应当进行劝阻、批评或者教育；对于劝阻、批评或者教育无效的，应当移送公安机关依法处理：．在人民检察院办公场所周围非法聚集，围堵、冲击人民检察院，拦截公务车辆，堵塞、阻断交通，影响正常办公秩序的。．携带危险物品、管制器具的。.侮辱、殴打、威胁检察人员，或者非法限制检察人员人身自由的。.在信访接待场所滞留、滋事，故意破坏信访接待场所设施，或者将生活不能自理的人弃留在信访接待场所的。．煽动、串联、胁迫、以财物诱使、幕后操纵他人信访或者以信访为名借机敛财的,检务公开
90,上级人民检察院可以向下级人民检察院交办哪些重要信访事项？,上级人民检察院向下级人民检察院交办信访事项，是检察机关加大信访事项办理力度、解决信访人反映实际问题的一项重要措施。上级人民检察院控告申诉检察部门可以代表本院向下级人民检察院交办群众反映强烈、社会影响较大的重要信访事项；举报内容较翔实，案情重大，多次举报未查处的重要信访事项；不服人民检察院处理决定，多次申诉未得到依法处理的重要信访事项；检察长批办的重要信访事项。,检务公开
91,上级人民检察院交办的信访事项对办理期限有何要求？,对上级人民检察院交办的信访事项，下级人民检察院应当及时办理，一般应当在三个月内办结；情况复杂，确需延长办理期限的，需经检察长批准，延长期限不得超过三个月。延期办理的，应当向上级人民检察院报告进展情况，并说明理由。,检务公开
92,下级人民检察院在处理信访事项中，上级人民检察院控告申诉检察部门应当予以监督纠正哪些情形？,上级人民检察院控告申诉检察部门对下级人民检察院在处理信访事项中有下列情形之一的，应当及时予以监督纠正：应当受理而拒不受理的，未按规定程序办理的，未按规定的办理期限办结的，未按规定反馈办理结果的，不执行信访处理意见的，其他需要监督纠正的事项。,检务公开
93,河南省人民检察院2009年提出了哪些方便群众诉讼的措施？,"河南省人民检察院2009年提出了八项方便群众诉讼的措施：一是建立检察专线网视频接访系统，通过视频接访受理群众举报、控告、申诉；二是建立检察机关办理案件信息查询系统，方便诉讼参与人及有关人员查询案件进展情况；三是完善检察长接待日制度；四是开展“阳光检务”活动，增加检察工作的透明度和公信度；五是健全快速办理轻微刑事案件工作机制，加快办理速度，减少群众诉累；六是开展重点乡（镇）设立检察工作站试点工作，更好地发挥服务“三农""、服务人民群众的检察职能作用；七是继续推行对生活确有困难的刑事不诉案件被害人个案救助制度，最大限度地维护刑事不诉案件被害人的合法权益；八是建立实名举报投诉检察干警违法违纪案件的限期答复制度。",检务公开
94,"河南省人民检察院在处理涉检信访工作中提出要树立的“四种理念""是什么？","河南省人民检察院在处理涉检信访工作中提出要树立的“四种理念”是：一要在接访工作中树立“有理推定”理念，要求检察人员换位思考，带着对群众的深厚感情接待来访群众，把群众反映的问题当做自己的事情来办，想方设法为群众解决问题；二要在复查办案工作中树立“有错推定”观念，坚持有错必纠，对原处理决定并无不当但程序或工作方法、细节有瑕疵的案件，坚决予以整改，最大限度地维护群众的利益；三要在处理信访案件中树立“有解推定""理念，把涉检信访案件作为都是能够解决的案件来审查，努力做到“案结事了、息诉罢访、群众满意”；四要在办理刑事赔偿案件中树立“有偿推定”理念，把赔偿请求人提出的赔偿要求作为应该赔偿来审查，按照有关规定，对请求赔偿的违法侵权情形是否存在依法进行确认，切实维护当事人的合法权益。",检务公开
95,河南省人民检察院在处理涉检信访工作中探索和创新了哪些工作机制？,从实际出发，不断探索和创新处理涉检信访工作机制，是提高工作水平和工作效率以及确保工作效果的重要方法。河南省人民检察院在处理涉检信访工作中，在落实上级各项部署的同时，注重从实际出发探索和创新了七项工作机制：一是实行控告申诉工作首办责任制，二是推行书面答复制，三是实行涉检信访风险评估制，四是实行双向承诺制，五是实行领导包案制，六是推行刑事被害人救助制，七是实行过错责任追究制。第十部分人民检察院直接立案侦查案件的范围和立案标准,检务公开
96,人民检察院直接立案侦查的贪污贿赂犯罪案件有哪些？,人民检察院直接立案侦查的贪污贿赂犯罪案件共有十二个，分别是：贪污案，挪用公款案，受贿案，单位受贿案，行贿案对单位行贿案，介绍贿赂案，单位行贿案，巨额财产来源不明案，隐瞒境外存款案，私分国有资产案，私分罚没财物案。,检务公开
97,人民检察院直接立案侦查的国家机关工作人员渎职犯罪案件有哪些？,人民检察院直接立案侦查的国家机关工作人员渎职犯罪案件共有三十五个，分别是：滥用职权案，玩忽职守案，故意泄露国家秘密案，过失泄露国家秘密案，徇私枉法案，民事、行政枉法裁判案，执行判决、裁定失职案，执行判决、裁定滥用职权案，私放在押人员案，失职致使在押人员脱逃案，徇私舞弊减刑、假释、暂予监外执行案，徇私舞弊不移交刑事案件案，滥用管理公司、证券职权案，徇私舞弊不征、少征税款案，徇私舞弊发售发票、抵扣税款、出口退税案，违法提供出口退税凭证案，国家机关工作人员签订、履行合同失职被骗案，违法发放林木采伐许可证案，环境监管失职案，传染病防治失职案，非法批准征用、占用土地案，非法低价出让国有土地使用权案，放纵走私案，商检徇私舞弊案，商检失职案，动植物检疫徇私舞弊案，动植物检疫失职贮，放纵制售伪劣商品犯罪行为案，办理偷越国（边）境人员出人境证件案，放行偷越国（边）境人员案，不解救被拐卖、绑架妇女、儿童案，阻碍解救被拐卖、绑架妇女、儿童案，帮助犯罪分子逃避处罚案，招收公务员、学生徇私舞弊案，失职造成珍贵文物损毁、流失案。,检务公开
98,人民检察院直接立案侦查的国家机关工作人员利用职权实施的侵犯公民人身权利和民主权利犯罪案件有哪些？,人民检察院直接立案侦查的国家机关工作人员利用职权实施的侵犯公民人身权利和民主权利犯罪案件共有七个，分别是：非法拘禁案，非法搜查案，刑讯逼供案，暴力取证案，虐待被监管人案，报复陷害案，破坏选举案,检务公开
99,人民检察院对国家机关工作人员利用职权实施的其他重大犯罪案件有无管辖权？,这里所说的其他重大犯罪案件，是指国家机关工作人员实施的除贪污贿赂、渎职侵权犯罪案件以外的其他重大犯罪案件。国家机关工作人员利用职权实施的其他重大犯罪案件，需要由人民检察院直接受理、立案侦查的，需经省级以上人民检察院决定。,检务公开
100,贪污贿赂犯罪和渎职侵权犯罪的主体有何不同？,贪污贿赂犯罪的主体是国家工作人员，渎职侵权犯罪的主体是国家机关工作人员。国家工作人员，是指国家机关中从事公务的人员。国有公司、企业、事业单位、人民团体中从事公务的人员和国家机关、国有公司、企业、事业单位委派到非国有公司、企业、事业单位、社会团体从事公务的人员以及依照法律从事公务的人员，以国家工作人员论。国家机关工作人员，主要是指在国家机关中从事公务的人员，包括各级国家权力机关、行政机关、司法机关和军事机关中从事公务的人员。在依照法律、法规规定行使国家行政管理职权的组织中从事公务的人员，或者在受国家机关委托代表国家机关行使职权的组织中从事公务的人员，或者虽未列人国家机关人员编制但在国家机关中从事公务的人员，在代表国家机关行使职权时，视为国家机关工作人员。在乡（镇）以上中国共产党机关、人民政协机关中从事公务的人员，司法实践中也应当视为国家机关工作人员。,检务公开
101,贪污案立案标准是如何规定的？,贪污案立案标准有两项，分别是：．个人贪污数额在5000元以上的情形；．个人贪污数额不满5000元，但情节较重的情形。,检务公开
102,挪用公款案立案标准是如何规定的？,挪用公款案立案标准有三项，分别是：．挪用公款归个人使用，数额在1万元以上，超过3个月未还的情形；．挪用公款数额在1万元以上，归个人进行营利活动的情形；．挪用公款归个人使用，数额在5000元以上，进行非法活动的情形。,检务公开
103,受贿案立案标准是如何规定的？,受贿案立案标准有两项，分别是：．个人受贿数额在5000元以上的情形；．个人受贿数额不满5000元，但情节较严重的情形。,检务公开
104,单位受贿案立案标准是如何规定的？,单位受贿案立案标准有两项，分别是：1.单位受贿数额在10万元以上的情形；2.单位受贿数额不满10万元，但具有其他严重情节的情形。,检务公开
105,行贿案立案标准是如何规定的？,行贿案立案标准有两项，分别是：．行贿数额在1万元以上的情形；@行贿数额不满1万元，但具有其他严重情节的情形。,检务公开
106,对单位行贿案立案标准是如何规定的？,对单位行贿案立案标准有两项，分别是：．个人行贿数额在10万元以上，单位行贿数额在20万元以上的情形；．个人行贿数额不满10万元、单位行贿不满20万元，但具有其他严重情节的情形。,检务公开
107,介绍贿赂案立案标准是如何规定的？,介绍贿赂案立案标准有三项，分别是：．介绍个人向国家工作人员行贿，数额在1万元以上的情形；．介绍单位向国家工作人员行贿，数额在10万元以上的情形；．介绍贿赂数额虽然不足上述标准，但具有其他严重情节的情形。,检务公开
108,单位行贿案立案标准是如何规定的？,单位行贿案立案标准有两项，分别是：．单位行贿数额在10万元以上的情形；.单位行贿数额不满10万元，但具有其他严重情节的情形。,检务公开
109,巨额财产来源不明案立案标准是如何规定的？,巨额财产来源不明案立案标准是：巨额财产来源不明数额在30万元以上的情形。,检务公开
110,隐瞒境外存款案立案标准是如何规定的？,隐瞒境外存款案立案标准是：隐瞒境外存款折合人民币数额在30万兀以上的情形。,检务公开
111,私分国有资产案立案标准是如何规定的？,私分国有资产案立案标准是：私分国有资产累计数额在10万元以上的情形。,检务公开
112,私分罚没财物案立案标准是如何规定的？,私分罚没财物案立案标准是：私分罚没财物累计数额在10万元以上的情形。,检务公开
113,滥用职权案立案标准是如何规定的？,滥用职权案立案标准有九项，分别是：1.造成死亡1人以上，或者重伤2人以上，或者重伤1人、轻伤3人以上，或者轻伤5人以上的情形；2.导致10人以上严重中毒的情形；3．造成个人财产直接经济损失10万元以上，或者直接经济损失不满10万元，但间接经济损失50万元以上的情形；.4造成公共财产或者法人、其他组织财产直接经济损失20万元以上，或者直接经济损失不满20万元，但间接经济损失100万元以上的情形；5．虽未达到34两项数额标准，但两项合计直接经济损失20万元以上，或者合计直接经济损失不满20万元，但合计间接经济损失100万元以上的情形；6.造成公司、企业等单位停业、停产6个月以上，或者破产的情形；7.弄虚作假，不报、缓报、谎报或者授意、指使、强令他人不报、缓报、谎报情况，导致重特大事故危害结果继续、扩大，或者致使抢救、调查、处理工作延误的情形；8.严重损害国家声誉，或者造成恶劣社会影响的情形；9.其他致使公共财产、国家和人民利益遭受重大损失的情形。,检务公开
114,玩忽职守案立案标准是如何规定的？,玩忽职守案立案标准有九项，分别是：1．造成死亡1人以上，或者重伤3人以上，或者重伤2人、轻伤4人以上，或者重伤1人、轻伤7人以上，或者轻伤10人以上的情形·2．导致20人以上严重中毒的情形；3．造成个人财产直接经济损失15万元以上，或者直接经济损失不满15万元，但间接经济损失75万元以上的情形；4.造成公共财产或者法人、其他组织财产直接经济损失30万元以上，或者直接经济损失不满30万元，但间接经济损失150万元以上的情形；5．虽未达到34两项数额标准，但34两项合计直接经济损失30万元以上，或者合计直接经济损失不满30万元，但合计间接经济损失150万元以上的情形6.造成公司、企业等单位停业、停产1年以上，或者破产的情形；7．海关、外汇管理部门的工作人员严重不负责任，造成100万美元以上外汇被骗购或者逃汇1000万美元以上的情形；8.严重损害国家声誉，或者造成恶劣社会影响的情形；9.其他致使公共财产、国家和人民利益遭受重大损失的情形。,检务公开
115,故意泄露国家秘密案立案标准是如何规定的？,故意泄露国家秘密案立案标准有八项，分别是：．泄露绝密级国家秘密1项（件）以上的情形；．泄露机密级国家秘密2项（件）以上的情形；．泄露秘密级国家秘密3项（件）以上的情形；.向非境外机构、组织、人员泄露国家秘密，造成或者可能造成危害社会稳定、经济发展、国防安全或者其他严重危害后果的情形；.通过口头、书面或者网络等方式向公众散布、传播国家秘密的情形；.利用职权指使或者强迫他人违反国家保守秘密法的规定泄露国家秘密的情形；．以谋取私利为目的泄露国家秘密的情形；.其他情节严重的情形。,检务公开
116,过失泄露国家秘密案立案标准是如何规定的？,过失泄露国家秘密案立案标准有六项，分别是：．泄露绝密级国家秘密1项（件）以上的情形；.泄露机密级国家秘密3项（件）以上的情形；.泄露秘密级国家秘密4项（件）以上的情形；.违反保密规定，将涉及国家秘密的计算机或者计算机信息系统与互联网相连接，泄露国家秘密的情形；．泄露国家秘密或者遗失国家秘密载体，隐瞒不报、不如实提供有关情况或者不采取补救措施的情形；.其他情节严重的情形。,检务公开
117,徇私枉法案立案标准是如何规定的？,徇私枉法案立案标准有六项，分别是：．对明知是没有犯罪事实或者其他依法不应当追究刑事责任的人，采取伪造、隐匿、毁灭证据或者其他隐瞒事实、违反法律的手段，以追究刑事责任为目的立案、侦查、起诉、审判的情形；对明知是有犯罪事实需要追究刑事责任的人，采取伪造、隐匿、毁灭证据或者其他隐瞒事实、违反法律的手段，故意包庇使其不受立案、侦查、起诉、审判的情形；．采取伪造、隐匿、毁灭证据或者其他隐瞒事实、违反法律的手段，故意使罪重的人受较轻的追诉，或者使罪轻的人受较重的追诉的情形；.在立案后，采取伪造、隐匿、毁灭证据或者其他隐瞒事实、违反法律的手段，应当采取强制措施而不采取强制措施，或者虽然采取强制措施，但中断侦查或者超过法定期限不采取任何措施，实际放任不管以及违法撤销、变更强制措施，致使犯罪嫌疑人、被告人实际脱离司法机关侦控的情形；．在刑事审判活动中故意违背事实和法律，作出枉法判决、裁定，即有罪判无罪、无罪判有罪，或者重罪轻判、轻罪重判的情形其他徇私枉法应予追究刑事责任的情形。,检务公开
118,民事、行政枉法裁判案立案标准是如何规定的？,民事、行政枉法裁判案立案标准有七项，分别是：．枉法裁判，致使当事人或者其近亲属自杀、自残造成重伤、死亡，或者精神失常的情形；.枉法裁判，造成个人财产直接经济损失10万元以上，或者直接经济损失不满10万元，但间接经济损失50万元以上的情形；．枉法裁判，造成法人或者其他组织财产直接经济损失20万元以上，或者直接经济损失不满20万元，但间接经济损失100万元以上的情形；.伪造、变造有关材料、证据，制造假案枉法裁判的情形；6串通当事人制造伪证、毁灭证据或者篡改庭审笔录而枉法裁判的情形；O徇私情、私利，明知是伪造、变造的证据予以采信，或者故意对应当采信的证据不予采信，或者故意违反法定程序，或者故意错误适用法律而枉法裁判的情形；．其他情节严重的情形。,检务公开
119,执行判决、裁定失职案立案标准是如何规定的？,执行判决、裁定失职案立案标准有五项，分别是：．致使当事人或者其近亲属自杀、自残造成重伤、死亡，或者精神失常的情形；.造成个人财产直接经济损失15万元以上，或者直接经济损失不满15万元，但间接经济损失75万元以上的情形爹．造成法人或者其他组织财产直接经济损失30万元以上，或者直接经济损失不满30万元，但间接经济损失150万元以上的情形；.造成公司、企业等单位停业、停产1年以上，或者破产的情形；．其他致使当事人或者其他人的利益遭受重大损失的情形。,检务公开
120,执行判决、裁定滥用职权案立案标准是如何规定的？,执行判决、裁定滥用职权案立案标准有五项，分别是：．致使当事人或者其近亲属自杀、自残造成重伤、死亡，或者精神失常的情形；.造成个人财产直接经济损失10万元以上，或者直接经济损失不满10万元，但间接经济损失50万兀以上的情形；．造成法人或者其他组织财产直接经济损失20万元以上，或者直接经济损失不满20万元，但间接经济损失100万元以上的情形；.造成公司、企业等单位停业、停产6个月以上，或者破产的情形；其他致使当事人或者其他人的利益遭受重大损失的情形。,检务公开
121,私放在押人员案立案标准是如何规定的？,私放在押人员案立案标准有四项，分别是：．私自将在押的犯罪嫌疑人、被告人、罪犯放走，或者授意、指使、强迫他人将在押的犯罪謙疑人、被告人、罪犯放走的情形；．伪造、变造有关法律文书、证明材料，以使在押的犯罪嫌疑人、被告人、罪犯逃跑或者被释放的情形；．对私放在押的犯罪嫌疑人、被告人、罪犯，故意向其通风报信、提供条件，致使该在押的犯罪嫌疑人、被告人、罪犯脱逃的情形；.其他私放在押的犯罪嫌疑人、被告人、罪犯应予追究刑事责任的情形。,检务公开
122,失职致使在押人员脱逃案立案标准是如何规定的？,失职致使在押人员脱逃案立案标准有四项，分别是：．致使依法可能判处或者已经判处10年以上有期徒刑、无期徒刑、死刑的犯罪嫌疑人、被告人、罪犯脱逃的情形；.致使犯罪嫌疑人、被告人、罪犯脱逃3人次以上的情形；．犯罪嫌疑人、被告人、罪犯脱逃以后，打击报复报案人、控告人、举报人、被害人、证人和司法工作人员等，或者继续犯罪的情形；.其他致使在押的犯罪嫌疑人、被告人、罪犯脱逃，造成严重后果的情形。,检务公开
123,徇私舞弊减刑、假释、暂予监外执行案立案标准是如何规定的？,徇私舞弊减刑、假释、暂予监外执行案立案标准有五项，分别是：．刑罚执行机关的工作人员对不符合减刑、假释、暂予监外执行条件的罪犯，捏造事实，伪造材料，违法报请减刑、假释、暂予监外执行的情形；.审判人员对不符合减刑、假释、暂予监外执行条件的罪犯，徇私舞弊，违法裁定减刑、假释或者违法决定暂予监外执行的情形；．监狱管理机关、公安机关的工作人员对不符合暂予监外执行条件的罪犯，徇私舞弊，违法批准暂予监外执行的情形；不具有报请、裁定、决定或者批准减刑、假释、暂予监外执行权的司法工作人员利用职务上的便利，伪造有关材料，导致不符合减刑、假释、暂予监外执行条件的罪犯被减刑、假释、暂予监外执行的情形；．其他徇私舞弊减刑、假释、暂予监外执行应予追究刑事责任的情形。,检务公开
124,徇私舞弊不移交刑事案件案立案标准是如何规定？,徇私舞弊不移交刑事案件案立案标准有八项，分别是：．对依法可能判处3年以上有期徒刑、无期徒刑、死刑的犯罪案件不移交的情形；．不移交刑事案件涉及3人次以上的情形；．司法机关提出意见后，无正当理由仍然不予移交的情形；.以罚代刑，放纵犯罪嫌疑人，致使犯罪嫌疑人继续进行违法犯罪活动的情形；.行政执法部门主管领导阻止移交的情形.隐瞒、毁灭证据，伪造材料，改变刑事案件性质的情形；．直接负责的主管人员和其他直接责任人员为谋取本单位私利而不移交刑事案件，情节严重的情形；.其他情节严重的情形。,检务公开
125,滥用管理公司、证券职权案立案标准是如何规定的？,滥用管理公司、证券职权案立案标准有六项，分别是：．造成直接经济损失50万元以上的情形；.工商管理部门的工作人员对不符合法律规定条件的公司设立、登记申请，违法予以批准、登记，严重扰乱市场秩序的情形；.金融证券管理机构工作人员对不符合法律规定条件的股票、债券发行、上市申请，违法予以批准，严重损害公众利益，或者严重扰乱金融秩序的情形；.工商管理部门、金融证券管理机构的工作人员对不符合法律规定条件的公司设立、登记申请或者股票、债券发行、上市申请违法予以批准或者登记，致使犯罪行为得逞的情形；．上级部门、当地政府直接负责的主管人员强令登记机关及其工作人员，对不符合法律规定条件的公司设立、登记申请或者股票、债券发行、上市申请予以批准或者登记，致使公共财产、国家或者人民利益遭受重大损失的情形；.其他致使公共财产、国家和人民利益遭受重大损失的情形。,检务公开
126,徇私舞弊不征、少征税款案立案标准是如何规定的？,徇私舞弊不征、少征税款案立案标准有四项，分别是：.徇私舞弊不征、少征应征税款，致使国家税收损失累计达10万元以上的情形；上级主管部门工作人员指使税务机关工作人员徇私舞弊不征、少征应征税款，致使国家税收损失累计达10万元以上的情形；.徇私舞弊不征、少征应征税款不满10万元，但具有索取或者收受贿略或者其他恶劣情节的情形；.其他致使国家税收遭受重大损失的情形。,检务公开
127,徇私舞弊发售发票、抵扣税款、出口退税案立案标准是如何规定的？,徇私舞弊发售发票、抵扣税款、出口退税案立案标准有项，分别是：．徇私舞弊，致使国家税收损失累计达10万元以上的情形；.徇私舞弊．致使国家税收损失累计不满10万元，但发售增值税专用发票25份以上，或者其他发票50份以上，或者增值税专用发票与其他发票合计50份以上，或者具有索取、收受贿赂，或者其他恶劣情节的情形；．其他致使国家利益遭受重大损失的情形,检务公开
128,违法提供出口退税凭证案立案标准是如何规定的？,违法提供出口退税凭证案立案标准有三项，分别是：．徇私舞弊，致使国家税收损失累计达10万元以上的情形；.徇私舞弊，致使国家税收损失累计不满10万元，但具有索取、收受贿赂或者其他恶劣情节的情形；．其他致使国家利益遭受重大损失的情形。,检务公开
129,国家机关工作人员签订、履行合同失职被骗案立案标准是如何规定的？,国家机关工作人员签订、履行合同失职被骗案立案标准有两项，分别是：.造成直接经济损失30万元以上，或者直接经济损失不满30万元，但间接经济损失150万元以上的情形；．其他致使国家利益遭受重大损失的情形。,检务公开
130,违法发放林木采伐许可证案立案标准是如何规定违法发放林木采伐许可证案立案标准有六项，分别是：．发放林木采伐许可证允许采伐数量累计超过批准的年采伐限额，导致林木被超限额采伐10立方米以上的情形；.滥发林木采伐许可证，导致林木被滥伐20立方米以上，或者导致幼树被滥伐1000株以上的情形；．滥发林木采伐许可证，导致防护林、特种用途林被滥伐5立方米以上，或者幼树被滥伐200株以上的情形；.滥发林木采伐许可证，导致珍贵树木或者国家重点保护的其他树木被滥伐的情形；．滥发林木采伐许可证，导致国家禁止采伐的林木被采伐的情形；.其他情节严重，致使森林遭受严重破坏的情形。,,检务公开
131,环境监管失职案立案标准是如何规定的？,环境监管失职案立案标准有八项，分别是：1．造成死亡1人以上，或者重伤3人以上，或者重伤2人、轻伤4人以上，或者重伤I人、轻伤7人以上，或者轻伤10人以上的情形；2．导致30人以上严重中毒的情形；3．造成个人财产直接经济损失巧万元以上，或者直接经济损失不满15万元，但间接经济损失75万元以上的情形；4.造成公共财产、法人或者其他组织财产直接经济损失30万元以上，或者直接经济损失不满30万元，但间接经济损失150万元以上的情形；5.虽未达到34两项数额标准，但两项合计直接经济损失30万元以上，或者合计直接经济损失不满30万元，但合计间接经济损失150万元以上的情形多6.造成基本农田或者防护林地、特种用途林地10亩以上，或者基本农田以外的耕地50亩以上，或者其他土地70亩以上被严重毁坏的情形；7.造成生活饮用水地表水源和地下水源严重污染的情形；8.其他致使公私财产遭受重大损失或者造成人身伤亡严重后果的情形。,检务公开
132,传染病防治失职案立案标准是如何规定的？,传染病防治失职案立案标准有八项，分别是：．导致甲类传染病传播的情形；.导致乙类、丙类传染病流行的情形；．因传染病传播或者流行，造成人员重伤或者死亡的情形；.因传染病传播或者流行，严重影响正常的生产、生活秩序的情形；．在国家对突发传染病疫情等灾害采取预防、控制措施后，对发生突发传染病疫情等灾害的地区或者突发传染病病人、病原携带者、疑似突发传染病病人，未按照预防、控制突发传染病疫情等灾害工作规范的要求做好防疫、检疫、隔离、防护、救治等工作，或者采取的预防、控制措施不当，造成传染范围扩大或者疫情、灾情加重的情形；.在国家对突发传染病疫情等灾害采取预防、控制措施后，隐瞒、缓报、谎报或者授意、指使、强令他人隐瞒、缓报、谎报疫情、灾情，造成传染范围扩大或者疫情、灾情加重的情形；．在国家对突发传染病疫情等灾害采取预防、控制措施后，拒不执行突发传染病疫情等灾害应急处理指挥机构的决定、命令，造成传染范围扩大或者疫情、灾情加重的情形；.其他情节严重的情形。,检务公开
133,非法批准征用、占用土地案立案标准是如何规定的？,非法批准征用、占用土地案立案标准有九项，分别是：．非法批准征用、占用基本农田10亩以上的情形；．非法批准征用、占用基本农田以外的耕地30亩以上的情形；．非法批准征用、占用其他土地50亩以上的情形；.虽未达到上述数量标准，但造成有关单位、个人直接经济损失30万元以上，或者造成耕地大量毁垢或者植被遭到严重破坏的情形；．非法批准征用、占用土地，影响群众生产、生活，引起纠纷，造成恶劣影响或者其他严重后果的情形；.非法批准征用、占用防护林地、特种用途林地分别或者合计10亩以上的情形；．非法批准征用、占用其他林地20亩以上的情形；.非法批准征用、占用林地造成直接经济损失30万元以上，或者造成防护林地、特种用途林地分别或者合计5亩以上或者其他林地10亩以上毁坏的情形；.其他情节严重的情形。,检务公开
134,非法低价出让国有土地使用权案立案标准是如何规定的？,非法低价出让国有土地使用权案立案标准有六项，分别是：．非法低价出让国有土地30亩以上，并且出让价额低于国家规定的最低价额标准的60％的情形；造成国有土地资产流失价额30万元以上的情形；．非法低价出让国有土地使用权，影响群众生产、生活，引起纠纷，造成恶劣影响或者其他严重后果的情形；.非法低价出让林地合计30亩以上，并且出让价额低于国家规定的最低价额标准的60‰的情形；造成国有资产流失30万元以上的情形；.其他情节严重的情形,检务公开
135,放纵走私案立案标准是如何规定的？,放纵走私案立案标准有五项，分别是：.放纵走私犯罪的情形；．因放纵走私致使国家应收税额损失累计达10万元以上的情形；．放纵走私行为3起次以上的情形；.放纵走私行为情形，具有索取或者收受贿赂情节的情形；．其他情节严重的情形。,检务公开
136,商检徇私舞弊案立案标准是如何规定的？,商检徇私舞弊案立案标准有四项，分别是：．采取伪造、变造的手段对报检的商品的单证、印章、标志、封识、质量认证标志等作虚假们证明或者出具不真实的证明结论的情形；．将送检的合格商品检验为不合格，或者将不合格商品检验为合格的情形；．对明知是不合格的商品，不检验而出具合格检验结果的情形；.其他伪造检验结果应予追究刑事责任的情形。,检务公开
137,商检失职案立案标准是如何规定的？,商检失职案立案标准有六项，分别是：．致使不合格的食药品、医疗器械等商品出人境，严重危害生命健康的情形；．造成个人财产直接经济损失15万元以上，或者直接经济损失不满巧万元，但间接经济损失75万元以上的情形；．造成公共财产、法人或者其他组织财产直接经济损失30万元以上，或者直接经济损失不满30万元，但间接经济损失150万元以上的情形；.未经检验，出具合格检验结果，致使国家禁止进口的固体废物、液态废物和气态废物等进人境内的情形；．不检验或者延误检验出证、错误出证，引起国际经济贸易纠纷，严重影响国家对外经贸关系，或者严重损害国家声誉的情形；.其他致使国家利益遭受重大损失的情形。,检务公开
138,动植物检疫徇私舞弊案立案标准是如何规定的？,动植物检疫徇私舞弊案立案标准有四项，分别是：．采取伪造、变造的手段对检疫的单证、印章、标志、封识等作虚假的证明或者出具不真实的结论的情形；．将送检的合格动植物检疫为不合格，或者将不合格动植物检疫为合格的情形；．对明知是不合格的动植物，不检疫而出具合格检疫结果的情形；.其他伪造检疫结果应予追究刑事责任的情形。,检务公开
139,动植物检疫失职案立案标准是如何规定的？,动植物检疫失职案立案标准有六项，分别是：．导致疫情发生，造成人员重伤或者死亡的情形@导致重大疫情发生、传播或者流行的情形；．造成个人财产直接经济损失15万元以上，或者直接经济损失不满15万元，但间接经济损失75万元以上的情形；.造成公共财产或者法人、其他组织财产直接经济损失30万元以上，或者直接经济损失不满30万元，但间接经济损失150万元以上的情形；.不检疫或者延误检疫出证、错误出证，引起国际经济贸易纠纷，严重影响国家对外经贸关系，或者严重损害国家声誉的情形；.其他致使国家利益遭受重大损失的情形。,检务公开
140,放纵制售伪劣商品犯罪行为案立案标准是如何规定的？,放纵制售伪劣商品犯罪行为案立案标准有六项，分别是：．放纵生产、销售假药或者有毒、有害食品犯罪行为的情形；．放纵生产、销售伪劣农药、兽药、化肥、种子犯罪行为的情形；．放纵依法可能判处3年有期徒刑以上刑罚的生产、销售伪劣商品犯罪行为的情形；.对生产、销售伪劣商品犯罪行为不履行追究职责，致使生产、销售伪劣商品犯罪行为得以继续的情形；．3次以上不履行追究职责，或者对3个以上有生产、销售伪劣商品犯罪行为的单位或者个人不履行追究职责的情形；.其他情节严重的情形,检务公开
141,办理偷越国（边）境人员出入境证件案立案标准是如何规定的？,办理偷越国（边）境人员出人境证件案立案标准是：负责办理护照、签证以及其他出人境证件的国家机关工作人员涉嫌在办理护照、签证以及其他出人境证件的过程中，对明知是企图偷越国（边）境的人员而予以办理出人境证件的情形。,检务公开
142,放行偷越国（边）境人员案立案标准是如何规定的？,放行偷越国（边）境人员案立案标准是：边防、海关等国家机关工作人员涉嫌在履行职务过程中，对明知是偷越国（边）境的人员而予以放行的情形。,检务公开
143,不解救被拐卖、绑架妇女、儿童案立案标准是如何规定的？,不解救被拐卖、绑架妇女、儿童案立案标准有五项，分别是：．导致被拐卖、绑架的妇女、儿童或者其家属重伤、死亡，或者精神失常的情形；.导致被拐卖、绑架的妇女、儿童被转移、隐匿、转卖，不能及时进行解救的情形；．对被拐卖、绑架的妇女、儿童不进行解救3人次以上的情形；.对被拐卖、绑架的妇女、儿童不进行解救，造成恶劣社会影响的情形；．其他造成严重后果的情形。,检务公开
144,阻碍解救被拐卖、绑架妇女、儿童案立案标准是如何规定的阻碍解救被拐卖、绑架妇女、儿童案立案标准有三项，分别是：．利用职权，禁止、阻止或者妨碍有关部门、人员解救被拐卖、绑架的妇女、儿童的情形；．利用职务上的便利，向拐卖、绑架者或者收买者通风报信，妨碍解救工作正常进行的情形；．其他利用职务阻碍解救被拐卖、绑架的妇女、儿童应予追究刑事责任的情形。,,检务公开
145,帮助犯罪分子逃避处罚案立案标准是如何规定的？,帮助犯罪分子逃避处罚案立案标准有五项，分别是：．向犯罪分子泄漏有关部门查禁犯罪活动的部署、人员、措施、时间、地点等情况的情形；．向犯罪分子提供钱物、交通工具、通讯设备、隐藏处所等便利条件的情形；．向犯罪分子泄漏案情的情形；.帮助、示意犯罪分子隐匿、毁灭、伪造证据，或者串供、翻供的情形；．其他帮助犯罪分子逃避处罚应予追究刑事责任的情形。,检务公开
146,招收公务员、学生徇私舞弊案立案标准是如何规定的？,招收公务员、学生徇私舞弊案立案标准有六项，分别是：．徇私舞弊，利用职务便利，伪造、变造人事、户口档案、考试成绩或者其他影响招收工作的有关资料，或者明知是伪造、变造的上述材料而予以认可的情形；.徇私舞弊，利用职务便利，帮助5名以上考生作弊的情形；．徇私舞弊招收不合格的公务员、学生3人次以上的情形；.因徇私舞弊招收不合格的公务员、学生，导致被排挤的合格人员或者其近亲属自杀、自残造成重伤、死亡，或者精神失常的情形；.因徇私舞弊招收公务员、学生，导致该项招收工作重新进行的情形；.其他情节严重的情形。,检务公开
147,失职造成珍贵文物损毁、流失案立案标准是如何规定的？,失职造成珍贵文物损毁、流失案立案标准有三项，分别是：．导致国家一三级珍贵文物损毁或者流失的情形；．导致全国重点文物保护单位或者省、自治区、直辖市级文物保护单位损毁的情形；．其他后果严重的情形。,检务公开
148,国家机关工作人员利用职权实施的非法拘禁案立案标准是如何规定的？,国家机关工作人员利用职权实施的非法拘禁案立案标准有七项，分别是：．非法剥夺他人人身自由二十四小时以上的情形；.非法剥夺他人人身自由，并使用械具或者捆绑等恶劣手段，或者实施殴打、侮辱、虐待行为的情形；．非法拘禁，造成被拘禁人轻伤、重伤、死亡的情形；.非法拘禁，情节严重，导致被拘禁人自杀、自残造成重伤、死亡，或者精神失的情形；．非法拘禁3人次以上的情形；.司法工作人员对明知是没有违法犯罪事实的人而非法拘禁的情形；．其他非法拘禁应予追究刑事责任的锖形。,检务公开
149,国家机关工作人员利用职权实施的非法搜查案立案标准是如何规定的？,国家机关工作人员利用职权实施的非法搜查案立案标准有六项，分别是：．非法搜查他人身体、住宅，并实施殴打、侮辱等行为的情形；．非法搜查，情节严重，导致被搜查人或者其近亲属自杀、自残造成重伤、死亡，或者精神失常的情形；．非法搜查，造成财物严重损坏的情形；.非法搜查3人（户）次以上的情形；.司法工作人员对明知是与涉嫌犯罪无关的人身、住宅非法搜查的情形；.其他非法搜查应予追究刑事责任的情形。,检务公开
150,国家机关工作人员利用职权实施的刑讯逼供案立案标准是如何规定的？,国家机关工作人员利用职权实施的刑讯逼供案立案标准有八项，分别是：．以殴打、捆绑、违法使用械具等恶劣手段逼取口供的情形；.以较长时间冻、饿、晒、烤等手段逼取口供，严重损害犯罪嫌疑人、被告人身体健康的情形；．刑讯逼供造成犯罪嫌疑人、被告人轻伤、重伤、死亡的情形；.刑讯逼供，情节严重，导致犯罪嫌疑人、被告人自杀、自残造成重伤、死亡，或者精神失常的情形；刑讯逼供造成错案的情形；.刑讯逼供3人次以上的情形；．纵容、授意、指使、强迫他人刑讯逼供，具有上述情形之一的情形；.其他刑讯逼供应予追究刑事责任的情形。,检务公开
151,国家机关工作人员利用职权实施的暴力取证案立案标准是如何规定的？,国家机关工作人员利用职权实施的暴力取证案立案标准有七项，分别是：．以殴打、捆绑、违法使用械具等恶劣手段逼取证人证言的情形；．暴力取证造成证人轻伤、重伤、死亡的情形；．暴力取证，情节严重，导致证人自杀、自残造成重伤、死亡，或者精神失常的情形；.暴力取证造成错案的情形；.暴力取证3人次以上的情形；.纵容、授意、指使、强迫他人暴力取证，具有上述情形之一的情形；．其他暴力取证应予追究刑事责任的情形,检务公开
152,国家机关工作人员利用职权实施的虐待被监管人案立案标准是如何规定的？,国家机关工作人员利用职权实施的虐待被监管人案立案标准有七项，分别是：．以殴打、捆绑、违法使用械具等恶劣手段虐待被监管人的情形；.以较长时间冻、饿、晒、烤等手段虐待被监管人，严重损害其身体健康的情形；．虐待造成被监管人轻伤、重伤、死亡的情形；.虐待被监管人，情节严重，导致被监管人自杀、自残造成重伤、死亡，或者精神失常的情形；．殴打或者体罚虐待3人次以上的情形；.指使被监管人殴打、体罚虐待其他被监管人，具有上述情形之一的情形．其他情节严重的情形,检务公开
153,国家机关工作人员利用职权实施的报复陷害案立案标准是如何规定的？,国家机关工作人员利用职权实施的报复陷害案立案标准有三项，分别是：．报复陷害，情节严重，导致控告人、申诉人、批评人、举报人或者其近亲属自杀、自残造成重伤、死亡，或者精神失常的情形；．致使控告人、申诉人、批评人、举报人或者其近亲属的其他合法权利受到严重损害的情形；．其他报复陷害应予追究刑事责任的情形。,检务公开
154,自家机关工作人员利用职权实施的破坏选举案立案标准是如何规定的？,国家机关工作人员利用职权实施的破坏选举案立案标准有五项，分别是：．以暴力、威胁、欺骗、贿赂等手段，妨害选民、各级人民代表大会代表自由行使选举权和被选举权，致使选举无法正常进行，或者选举无效，或者选举结果不真实的情形；．以暴力破坏选举场所或者选举设备，致使选举无法正常进行的情形；．伪造选民证、选票等选举文件，虚报选举票数，产生不真实的选举结果或者强行宣布合法选举无效、非法选举有效的情形；.聚众冲击选举场所或者故意扰乱选举场所秩序，使选举工作无法进行的情形；．其他情节严重的情形。第十一部分侦查监督工作,检务公开
155,侦查监督重点发现和纠正哪些违法行为？,侦查监督是指检察机关依法对侦查机关的侦查活动是否合法进行的监督。侦查机关不仅包括公安机关，也包括行使着侦查权的国家安全机关、监狱、军队保卫部门以及人民检察院的侦查部门。侦查监督重点发现和纠正以下十一种违法行为：．对犯罪嫌疑人刑讯逼供、诱供的行为；.对被害人、证人以体罚、威胁、诱骗等非法手段收集证据的行为；．伪造、隐匿、销毁、调换或者私自涂改证据的行为；.徇私舞弊，放纵、包庇犯罪分子的行为；．故意制造冤假错案的行为；.在侦查活动中利用职务之便谋取非法利益的行为；．在侦查过程中不应当撤案而撤案的行为；.贪污、挪用、调换所扣押、冻结的款物及其孳息的行为；.违反刑事诉讼法关于决定、执行、变更、撤销强制措施规定的行为；.违反羁押和办案期限规定的行为；@在侦查中有其他违反刑事诉讼法有关规定的行为。,检务公开
156,刑事立案监督的范围包括哪些情形？,刑事立案监督的范围包括四种情形：．公安机关应当立案侦查而不立案的案件；．公安机关不应当立案而立案侦查的案件，．人民检察院侦查部门应当立案侦查而不报请立案的案件；.国家机关工作人员利用职权实施的其他重大犯罪案件。,检务公开
157,检察机关对公安机关“该立不立”的案件如何监督？,检察机关发现公安机关对应当立案侦查的案件而不立案侦查的，经审查，认为需要公安机关说明不立案的理由的，经检察长批准，可以要求公安机关在七日内书面说明不立案的理由。审查认为公安机关不立案的理由不能成立的，经检察长或检察委员会讨论决定，应当通知公安机关立案，并依法对执行情况进行监督。,检务公开
158,通知公安机关立案应当符合哪些条件？,通知公安机关立案应当符合四个条件：．认为有犯罪事实，需要追究刑事责任的；．证据有查证属实的；．属于相应的公安机关管辖的；.应当立案侦查而公安机关决定不立案侦查的。,检务公开
159,"检察机关对公安机关“不该立而立""的案件应当如何监督？",检察机关对经审查认为确属不符合《刑事诉讼法》规定的立案条件而立案侦查的案件，应当建议公安机关撤案，已采取拘留、取保候审、监视居住等强制措施的，应当建议解除强制措施。对于拒不撤案的，可以直接向公安机关提出纠正违法意见，公安机关仍不纠正的，应当向上一级人民检察院报告。上一级人民检察院认为不应当立案的，通知同级公安机关督促下级公安机关撤销案件；上一级人民检察院认为公安机关立案正确的，通知下一级人民检察院撤回纠正违法意见。,检务公开
160,逮捕是不是刑事诉讼的必经程序？,逮捕是刑事诉讼中一种剥夺人身自由的强制措施，其目的是防止犯罪嫌疑人逃跑、自杀、串供、毁证等情形的发生，保证刑事诉讼活动的顺利进行。逮捕不是刑事诉讼的必经程序，犯罪嫌疑人是否需要逮捕，应根据案件的具体情况决定。批准逮捕未经审判不能认定犯罪嫌疑人一定有罪，不批准逮捕不等同于无罪释放，也不影响案件按照刑事诉讼程序的要求向下一个诉讼环节进行。,检务公开
161,人民检察院不批准逮捕有几种情形？,人民检察院不批准逮捕有三种情形：一是因事实不清、证据不足而作出不批准逮捕的；二是无逮捕必要的，即虽然有证据证明有犯罪事实，犯罪嫌疑人可能判处徒刑以上刑罚，但采取取保候审、监视居住等其他方法足以防止发生社会危险性，没有必要采取逮捕措施的；三是不认为是犯罪。对于第二种情形，侦查机关可以直接移送审查起诉；对于第一种情形，如果侦查机关经过补充侦查，达到事实清楚、证据确凿充分后，可以再次提请审查批准逮捕，也可以直接移送审查起诉。,检务公开
162,如何正确理解和把握宽严相济刑事政策的内涵和基本要求？,宽严相济是我们党和国家的一项重要的刑事政策，其主要精神是要求司法机关在处理刑事犯罪时要区别对待，既要有力打击和震慑犯罪，维护法律尊严和权威，又要充分重视依法从宽的一面，最大限度地化消极因素为积极因素。贯彻落实宽严相济刑事政策应当把握以下三个基本要求：一是严格依法。即坚持罪刑法定、罪刑相适应、法律面前人人平等的原则。宽不是法外施恩，严不是无限加重，无论是从宽还是从严，都必须做到于法有据。二是区别对待。根据不同时期、不同地区的犯罪情况和社会治安形势，同时根据案件的具体情况，全面分析犯罪的社会危害性、犯罪嫌疑人或被告人的主观恶性以及案件的社会影响等，明确不同的宽严界限，依法予以从宽或者从严处理，做到该严则严、当宽则宽、宽严适度。三是注重效果。既保证执法办案的法律效果，维护法律的严肃性，又讲求执法办案的社会效果，使执法办案活动有利于震慑严重犯罪、维护社会稳定，有利于化解社会矛盾、减少社会对抗，有利于依法保障人权、维护公民权益，实现法律效果与社会效果的有机统一第十二部分不起诉案件公开审查规则,检务公开
163,不起诉案件公开审查的适用范围是什么？,不起诉案件公开审查的适用范围是存在较大争议并且在当地有较大社会影响的，经人民检察院审查后准备作不起诉的案件。实行不起诉案件公开审查，是为了充分听取侦查机关（部门）和犯罪嫌疑人、被害人以及犯罪嫌疑人、被害人委托的人等对案件处理的意见，为人民检察院对案件是否作不起诉处理提供参考。,检务公开
164,不进行公开审查的不起诉案件包括哪几种情况？,不进行公开审查的不起诉案件包括以下四种情况：．案情简单，没有争议的案件.涉及国家秘密或者个人隐私的案件。．十四岁以上不满十六岁未成年人犯罪的案件；十六岁以上不满十八岁未成年人犯罪的案件，一般也不进行公开审查。.其他没有必要进行公开审查的案件。,检务公开
165,如何启动不起诉案件公开审查程序？,人民检察院对于拟作不起诉处理的案件，可以根据侦查机关（部门）的要求或者犯罪嫌疑人及其法定代理人、辩护人，被害人及其法定代理人、诉讼代理人的申请，经检察长决定，启动公开审查程序。公开审查活动可以在人民检察院进行，也可以在人民检察院指定的场所进行。公开审查不起诉案件应当在审查起诉期限内完成。,检务公开
166,人民检察院应当如何组织不起诉案件公开审查活动？,人民检察院组织不起诉案件公开审查活动，要把握好以下五个环节：一是在公开审查三日前，应当向社会公告案由、公开审查的时间和地点，并通知参加公开审查活动的人员。二是在公开审查活动开始后，公布案件承办人和书记员的姓名，宣布案由以及公开审查的内容、目的，告知当事人有关权利和义务，并询问是否申请回避。三是对不起诉案件进行公开审查，应当听取侦查机关（部门），犯罪嫌疑人及其法定代理人、辩护人，被害人及其法定代理人、诉讼代理人的意见。听取意见可以分别进行，也可以同时进行。四是公开审查的活动内容由书记员制作笔录，笔录应当交参加公开审查的侦查人员，犯罪嫌疑人及其法定代理人、辩护人，被害人及其法定代理人、诉讼代理人阅读或者向其宣读，如果认为记录有误或有遗漏的，可以请求补充或更正，确认无误后，应当签名或盖章。五是不起诉案件公开审查时，允许公民旁听；可以邀请人大代表、政协委员、特约检察员参加；可以根据案件需要或者当事人的请求，邀请有关专家及与案件有关的人参加；经人民检察院许可，新闻记者可以旁听和采访。对涉及国家财产、集体财产遭受损失的案件，可以通知有关单位派代表参加。,检务公开
167,不起诉案件公开审查主要审查什么？,人民检察院主要就案件拟作不起诉处理听取侦查机关（部门），犯罪嫌疑人及其法定代理人、辩护人，被害人及其法定代理人、诉讼代人的意见。案件承办人应当根据案件证据，依照法律的有关规定，阐述不起诉的理由，但不需要出示证据。参加公开审查的侦查人员，犯罪嫌疑人及其法定代理人、辩护人，被害人及其法定代理人、诉讼代理人可以就案件事实、证据、适用的法律以及是否应予不起诉，各自发表意见，但不能直接进行辩护。第十三部分刑事案件普通程序简化审和简易程序,检务公开
168,刑事案件普通程序简化审的适用范围有哪些？,被告人对被指控的基本犯罪事实无异议，并自愿认罪的第一审公诉案件，一般适用普通程序简化审审理。对于指控被告人犯数罪的案件，被告人认罪的部分，也可以适用普通程序简化审审理。具体来说，刑事案件普通程序简化审应当具备三个条件：一是事实清楚、证据充分，二是被告人及辩护人对所指控的基本犯罪事实没有异议，三是依法可能判处三年以下有期徒刑、拘役、管制或者单处罚金。人民法院对自愿认罪的被告人，酌情予以从轻处罚,检务公开
169,刑事案件普通程序简化审的适用程序是什么？,人民检察院认为符合适用刑事案件普通程序简化审审理的案件，可以在提起公诉时书面建议人民法院适用刑事案件普通程序简化审审理。对于人民检察院没有建议适用刑事案件普通程序简化审审理的公诉案件，人民法院经审查认为可以适用刑事案件普通程序简化审审理的，应当征求人民检察院、被告人及其辩护人的意见，人民检察院、被告人及其辩护人同意的，适用刑事案件普通程序简化审审理。,检务公开
170,刑事案件普通程序简化审在审理中可以简化哪些内实行刑事案件普通程序简化审，目的是减少当事人诉累，节约诉讼资源·，但前提是确保公平公正，确保当事人的合法权益。刑事案件普通程序简化审在审理中可以简化的内容主要有：一是被告人可以不再就起诉书指控的犯罪事实进行供述；二是公诉人、辩护人、审判人员对被告人的讯问、发问可以简化或者省略；三是控辩双方对无异议的证据，可以仅就证据的名称及所证明的事项作出说明，合议庭经确认公诉人、被告人、辩护人无异议的，可以当庭予以认证；四是控辩双方主要围绕确定罪名、量刑及其他有争议的问题进行辩论。,,检务公开
171适用简易程序审理的刑事公诉案件，人民检察院是否必须派员出庭？,适用简易程序审理的刑事公诉案件，人民检察院可以不派员出庭。但是，两种情况除外：一是人民检察院监督公安机关立案侦查的案件，二是人民检察院认为有必要派员出庭的案第十四部分民事行政抗诉案件办案规则,,检务公开
172,人民检察院受理不服人民法院民事、行政判决、裁定的申诉的条件有哪些？,当事人向人民检察院提出申诉，应当提交申诉书、人民法院生效的裁判文书以及证明其申诉主张的证据材料。经人民检察院审查后，符合下列条件的申诉应予受理：人民法院的判决、裁定已经发生法律效力，有具体的申诉理由和请求。民事、行政申诉案件统一由各级人民检察院控告申诉检察部门受理。,检务公开
173,人民检察院不予受理的民事、行政申诉案件有哪些？,下列民事、行政申诉案件，人民检察院不予受理：．人民法院的判决、裁定尚未发生法律效力的。.判决解除婚姻或者收养等人身关系的。．当事人已向人民法院申请再审，人民法院已经受理、立案审查的；人民法院已经裁定再审的。.当事人对人民检察院所作的终止审查或者不抗诉决定不服，再次提出申诉的。.裁判发生法律效力后两年内，当事人无正当理由未曾向人民法院申请再审或向有关机关申诉的。.不属于人民检察院管辖的其他情形。,检务公开
174,当事人申诉时应提交哪些材料？,当事人申诉时应提交以下材料：．人民法院一、二审或再审判决、裁定书。.申诉书（写明申诉理由、事实和依据，委托申诉的还应提交委托代理书）。．申诉证据材料或相关证据的线索。.已向人民法院申请过再审被驳回的，应提交相关通知书。申诉材料不齐全的，应告知当事人备齐材料后申诉，并了解申诉人是否已向人民法院申请再审等情况。,检务公开
175,人民检察院受理民事、行政申诉案件后应当如何处理？,对民事、行政申诉案件，人民检察院控告申诉检察部门应当自受理之日起七日内分别情况作出处理：．不服同级或者下一级人民法院生效民事、行政判决、裁定的，移送本院民事行政检察部门审查处理。下级人民检察院有抗诉权的，转下级人民检察院审查处理；下级人民检察院有抗诉权的案件，上级人民检察院认为案情复杂或者在本辖区有重大影响的，可以直接受理。．依法属于人民法院或者其他机关主管范围的，移送人民法院或者其他机关处理。,检务公开
176,民事、行政抗诉案件的立案条件有哪些要求？,民事、行政抗诉案件，由有抗诉权或者有提请抗诉权的人民检察院立案。有下列情形之一的，人民检察院应当自受理之日起三十日内立案：．原判决、裁定认定事实的主要证据可能不足的。．原判决、裁定适用法律可能错误的。.原审人民法院违反法定程序，可能影响案件正确判决、裁定的。.有证据证明审判人员在审理案件时有贪污受贿、徇私舞弊或者枉法裁判行为的。,检务公开
177,天民检察院审查民事、行政抗诉案件应遵循哪些要求？,人民检察院审查民事、行政抗诉案件应遵循以下要求：．应当就原审案卷进行审查。.确有必要时，可以进行调查，调查活动应当由两名以上检察人员共同进行，调查材料应当由调查人、被调查人、记录人签名或者盖章。．人民检察院认为申诉人应当提供证据材料证明其申诉主张的，可以要求申诉人在指定的期限内提交证据材料。申诉人逾期无故不提交证据材料的，视为撤回申诉。对当事人提供的证据原件，人民检察院应当出具收据。,检务公开
178,人民检察院终止审查民事、行政抗诉案件的条件有哪些？,人民检察院在审查民事、行政抗诉案件中，发生下列情形之一的，应当终止审查：．申诉人撤回申诉，且不损害国家利益和社会公共利益的。人民法院已经裁定再审的。．当事人自行和解的。.应当终止审查的其他情形。人民检察院决定终止审查的案件，应当向当事人送达《终止审查决定书》。,检务公开
179,人民检察院决定不抗诉的民事、行政案件应当如何处理？,人民检察院决定不抗诉的民事、行政案件应当分别情况作出处理：直接受理的民事、行政案件，应当制作《不抗诉决定书》，通知当事人；下级人民检察院提请抗诉的案件，应当制作《不抗诉决定书》，送达提请抗诉的人民检察院，由提请抗诉的人民检察院通知当事人。,检务公开
180,人民检察院如何提请抗诉民事、行政案件？,地方各级人民检察院对同级人民法院已经发生法律效力的判决、裁定，经审查认为符合抗诉条件的，应当提请上一级人民检察院抗诉。对下级人民检察院提请抗诉的民事、行政案件，上级人民检察院应当在三个月内审查终结，并依法做出抗诉或者不抗诉决定。需要延长审查期限的，由检察长批准。人民检察院提请抗诉民事、行政案件，应当制作《提请抗诉报告书》，并将审判卷宗、检察卷宗报上级人民检察院。,检务公开
181,哪些人民检察院有权对民事、行政案件提出抗诉？,最高人民检察院对各级人民法院的生效民事或行政判决、裁定，有权提出抗诉；上级人民检察院对下级人民法院的生效民事或行政判决、裁定，有权提出抗诉。人民检察院提出抗诉，由检察长批准或者检察委员会决定。,检务公开
182,人民法院开庭审理民事、行政抗诉案件时，人民检察院应否派员出庭？,人民法院开庭审理民事、行政抗诉案件时，人民检察院应当派员出席再审法庭。受理抗诉的人民法院指令下级人民法院再审的，提出抗诉的人民检察院可以指令再审人民法院的同级人民检察院派员出席再审法庭。人民法院就抗诉案件做出再审判决、裁定以后，提出抗诉的人民检察院应当对再审判决、裁定进行审查，并填写《抗诉再审判决（裁定）登记表》。第十五部分申诉须知及刑事申诉案件公开审查程序规定,检务公开
183,人民检察院受理申诉的范围有哪些？,人民检察院管辖的申诉包括对人民检察院诉讼终结的刑事处理决定以及对人民法院已经发生法律效力的刑事、民事、行政判决、裁定不服的申诉。,检务公开
184,县级人民检察院管辖哪些申诉案件？,县级人民检察院管辖的申诉案件有两类：一是不服本院决定的申诉（另有规定的除外），二是不服同级人民法院已经发生法律效力的刑事、民事、行政判决、裁定的申诉。,检务公开
185,省、市级人民检察院管辖哪些申诉案件？,省、市级人民检察院管辖的申诉案件主要有四类：一是不服本院决定的申诉（另有规定的除外）#二是被害人不服下一级人民检察院不起诉决定，在七日内提出的申诉；三是不服下一级人民检察院复查决定的申诉；四是不服同级和下级人民法院已经发生法律效力的刑事、民事、行政判决、裁定的申诉。,检务公开
186,控告申诉工作首办责任制的具体内容是什么控告申诉工作首办责任制，是指各级检察机关按照法律规定的管辖范围，认真办理属于本级人民检察院管辖的控告、举报、申诉、赔偿案件，严格责任，负责到底，将问题解决在基层，解决在首次办理环节的一种工作制度。实行控告申诉工作首办责任制，是检察机关落实执法为民要求的具体体现，是维护人民群众利益，解决群众告状难、申诉难问题的重大措施。首次办理属于本院管辖的控告、举报、申诉、赔偿案件的检察机关、业务部门、承办人，分别是首办责任单位、首办责任部门、首办责任人。检察长、主管检察长和部门负责人对案件负首办领导责任，承办人员负首办直接责任。,,检务公开
187,适用公开审查程序的刑事申诉案件有哪些？,适用公开审查程序的刑事申诉案件主要有五类：一是不服人民检察院不批准逮捕决定的申诉；二是不服人民检察院不起诉决定的申诉；三是不服人民检察院撤销案件决定的申诉；四是不服人民检察院其他处理决定的申诉；五是不服人民法院已执行完毕的刑事判决、裁定的申诉以及被害人不服人民法院已经发生法律效力且尚在执行中的刑事判决、裁定的申诉。,检务公开
188,刑事申诉案件公开审查听证会由哪些人员组成？,刑事申诉案件公开审查听证会的组成人员主要包括：案件承办人、书记员，申诉人及其诉讼代理人，听证员以及其他与案件有关人员。参加听证会的申诉人主要是指原案当事人，也可以是原案当事人的法定代理人或者近亲属。申诉人可以委托律师或者其他诉讼代理人一同出席听证会。听证员由人民检察院根据案件的具体情况，聘请与案件没有利害关系的专家、学者、人大代表、政协委员或者其他社会人士担任。每次听证会聘请的听证员为三人以上的单数，听证员多数人的意见应当作为人民检察院对案件做出复查决定的重要依据。,检务公开
189,听证会的程序有哪些？,听证会的程序主要有八项：一是听证会开始前，书记员应当查明案件承办人、听证员、申诉人及其他应当参加听证会的人员是否到场，并向主持人报告；二是主持人宣布听证会开始及案由、参加听证会到场人员名单、申诉人在听证会上享有的权利和承担的义务、听证会纪律，介绍申诉人的基本情况，宣读原处理决定和原复查决定；三是申诉人陈述申诉理由，申诉人委托的诉讼代理人可以就申诉人的陈述作补充说明；四是原案件承办人或原复查案件承办人针对申诉人的申诉理由阐述原处理决定或原复查决定认定的事实和法律依据，并展示相关的证据；五是在主持人主持下，申诉人及其诉讼代理人、原案件承办人或原复查案件承办人可以互相发问或者作补充发言，复查案件承办人可以向申诉人和原案件承办人或原复查案件承办人提问；六是主持人请听证员向申诉人、原案件承办人或原复查案件承办人提问，听证员可以就案件某一事实和证据发表意见，但不就案件的法律适用及处理发表意见；七是主持人宣布休会，组织听证员根据听证的事实对案件进行评议；八是主持人宣布听证会重新开始，由听证员代表宣布听证员通过表决产生的听证意见，主持人宣布复查决定另行宣告，听证会结束。第十六部分职务犯罪预防工作,检务公开
190,党的十七大提出的反腐败方针是什么？,党的十七大提出的反腐败方针是：坚持标本兼治、综合治理、惩防并举、注重预防的方针，扎实推进惩治和预防腐败体系建设，在坚决惩治腐败的同时，更加注重治本，更加注重预防，更加注重制度建设，拓展从源头上防治腐败工作领域。,检务公开
191,检察机关开展职务犯罪预防的目的是什么？,检察机关开展职务犯罪预防的目的，就是通过惩治犯罪特殊预防和法制宣传、检察建议、同步监督等一般预防，促进发案单位、发案行业完善相关制度，规范权力行使，促进国家机关及其工作人员依法行政、廉洁从政，服务经济发展，维护社会稳定，促进社会和谐。具体来说，就是“推动建立三个防线”，即推动提高国家工作人员法制观念、道德修养和文明素质，建立思想防线；推动体制、机制、法制建设，建立制度和法制防线；推动有关单位、部门加强管理，强化监督，建立监督管理防线。,检务公开
192,检察机关开展职务犯罪预防的基本原则是什么？,检察机关开展职务犯罪预防的基本原则有五个，即坚持标本兼治的方针；坚持党的领导，依靠社会力量和群众参与；坚持服务党和国家工作大局；坚持立足检察职能；坚持实事求是。,检务公开
193,检察机关开展职务犯罪预防的主要形式有哪些？,检察机关开展职务犯罪预防的主要形式有特殊预防和一般预防两个疠面。特殊预防就是依法查办贪污贿赂、渎职侵权职务犯罪案件，形成威慑效应。一般预防主要有六种形式：是结合查办的具体案件开展的个案预防；二是与有关行业、主管部门联合开展的行业系统预防；三是参与重大基础设施建设开展的同步预防；四是提供法律咨询、宣传法律知识、运用典型案例开展的教育预防；五是围绕职务犯罪发生的原因、特点、趋势、预防对策进行调研，提出决策参考的调研预防；六是推动有关部门、单位建立、完善、落实相关制度、措施的制度预防。实际工作中，每一种形式都不是孤立存在的，往往是多种形式并用，共同发挥作用。,检务公开
194,什么是职务犯罪预防调查？,职务犯罪预防调查，是指检察机关职务犯罪预防部门为了准确把握职务犯罪的原因、条件、特点和规律，寻求有效的治理对策，针对一定领域、系统、单位权力运行中容易发生职务犯罪的环节而实施的实证研究、综合分析等有关调查活动。其目的是及时发现和研究导致职务犯罪发生的体制、机制和管理监督方面的原因，把握职务犯罪的变化趋势和发案规律，向有关部门、单位提出预防建议和对策，帮助建立健全长效机制。,检务公开
195,职务犯罪预防调查主要针对哪些情形开展？,职务犯罪预防调查主要针对以下五种情形开展：一是已经发生或者多次发生职务犯罪的行业和单位，二是社会舆论反映强烈、存在严重职务犯罪隐患的行业和单位，三是权力集中、资金密集、垄断性强、容易发生职务犯罪的单位和行业，四是重大工程建设项目和开展重大活动所涉及的领域，五是其他需要调查的情形。,检务公开
196,开展职务犯罪预防调查的主要程序有哪些？,开展职务犯罪预防调查一般按下列程序进行：一是审批，二是制订调查方案，三是收集相关实证、实例、统计资料、财务数据等资料，四是拟写调查报告，五是调查报告的使用。,检务公开
197,开展职务犯罪预防调查的期限是如何规定的？,职务犯罪预防调查应当自调查方案批准之日起两个月内办结，情况复杂的不得超过三个月；因特殊情况需要延长时间的，需报上级检察院批准。对上级检察机关批办要结果的调查项目应当在三个月内书面报告结果，有其他特殊时限要求的应当在要求时限内上报调查情况或结果。,检务公开
198,开展职务犯罪预防调查中发现的问题应如何处理？,开展职务犯罪预防调查中发现的问题，应根据问题的性质分别处理。一是对预防调查中发现的应当由检察机关以外的其他部门管辖的案件或事项，应制作《预防调查材料移送函》，经主管检察长或检察长批准，将相关材料和调查结论一并移送相关部门。二是对预防调查中发现涉嫌职务犯罪的线索，应移送检察机关相关部门处理。三是对预防调查中发现的其他问题，经主管检察长或检察长批准，预防职务犯罪部门可以作如下处置：向有关单位或部门发出预防职务犯罪建议，制发纠正违法通知书，开展预防咨询。,检务公开
199,检察人员在开展职务犯罪预防调查时有哪些禁止性要求？,在开展职务犯罪预防调查时，检察人员应当严格遵守检察工作纪律和检察人员行为准则，不准干预有关行业和单位正常管理活动，不准干预市场主体合法经营行为，不准为单位或者个人谋取私利，不准对调查中涉及的个人采取传唤、拘传、拘留和其他限制人身自由的措施，不准隐瞒、包庇违法犯罪行为，不准私自办理案件或者干扰办案，不准泄露案情或者其他国家秘密、商业秘密、个人隐私。违反规定的，依照《检察人员纪律处分条例（试行）》等规定予以处分；构成犯罪的，依法追究其刑事贝任。,检务公开
200,行贿犯罪档案查询系统可以查询哪些信息？,行贿犯罪档案查询系统，是检察机关根据党的十七大关于反腐败要标本兼治的精神，采取的一项加大反腐败力度的重要措施。根据有关要求，可以查询1997年《刑法》修订实施以来，由检察机关立案侦查并经人民法院裁判的发生在建设、金融、医药卫生、教育和政府采购领域的个人行贿、单位行贿、对单位行贿、介绍贿赂犯罪案件的档案。具体包括因个人行贿或介绍贿赂犯罪被作出刑事处理的犯罪人姓名、性别、年龄、文化程度、身份证号、住所、所在单位、职业或职务、犯罪事实、判决结果，因单位行贿犯罪被作出刑事处理的单位名称、单位性质（机关、企业、事业、团体、所有制类别）、注册地和办公场所、法定代表人、营业执照号、犯罪事实、判决结果。,检务公开
201,单位和个人申请查询行贿犯罪档案时应当提供哪些证明材料？,单位向检察机关申请查询行贿犯罪档案时应当提供书面申请和单位证明，个人向检察机关申请查询行贿犯罪档案时应当提供书面申请和有效身份证件。,检务公开
202,检察机关对受理的查询申请应当如何处置？,检察机关受理查询申请后，应当对申请人是否具备查询条件进行审查。对符合查询条件的，应当在受理查询申请后三日内书面告知查询结果，申请人对查询结果有异议的，检察机关应当复核，受理复核的检察机关应当在三日内提出意见，报检察长批准后予以回复；对不符合查询条件的，应当及时告知申请人并说明原因。第十七部分刑事诉讼中的办案期限规定,检务公开
203,我国有关法律对侦查羁押期限是如何规定的？,我国有关法律对侦查羁押期限作了十分明确、具体的规定：对犯罪嫌疑人逮捕后的侦查羁押期限不得超过两个月；案情复杂、期限届满不能终结的案件，可以延长一个月；对符合《刑事诉讼法》第一百二十六条规定情形的，可以延长两个月；对犯罪嫌疑人可能判处十年有期徒刑以上刑罚，依照《刑事诉讼法》第一百二十六条延长期限届满，仍不能侦查终结的，可以再延长两个月；发现另有重要罪行的，重新计算侦查羁押期限。,检务公开
204,我国有关法律对除逮捕以外的强制措施期限是如何规定的？,我国有关法律规定的强制措施共有五种，除逮捕以外，其余四种强制措施的期限是：传唤、拘传持续时间，不得超过十二小时；拘留时间，不得超过十四日；取保候审时间，不得超过十二个月；监视居住时间，不得超过六个月。,检务公开
205,我国有关法律对审查逮捕期限是如何规定的？,我国有关法律对审查逮捕期限的规定分为以下两种情况：一是犯罪嫌疑人已被拘留的，审查逮捕期限在七日以内。二是犯罪嫌疑人未被拘留的，审查逮捕期限在十五日以内；重大复杂案件，不得超过二十日。,检务公开
206,我国有关法律对审查起诉期限是如何规定的？,我国有关法律对审查起诉期限的规定分为五种情况：一是审查起诉时间为一个月；二是重大、复杂案件，可以延长半个月；三是改变管辖的，从改变后的人民检察院收到案件之日起计算；四是退回补充侦查，以两次为限，每次一个月；五是补充侦查完毕移送审查起诉后，人民检察院重新计算审查起诉期限。第十八部分刑事诉讼中诉讼参与人的权利和义务规定,检务公开
207,侦查和审查起诉阶段犯罪嫌疑人依法享有哪些权利？,根据法律规定，侦查和审查起诉阶段犯罪嫌疑人依法享有以下十三项权利：一是获得法律帮助的权利。犯罪嫌疑人在被侦查机关第一次讯问后或者采取强制措施之日起，可以聘请律师为其提供法律咨询，代理申诉、控告二是委托辩护人的权利。公诉案件自案件移送审查起诉之日起，犯罪嫌疑人有权委托辩护人。人民检察院应当在收到移送审查起诉的案件材料之日起三日内，告知犯罪嫌疑人有权委托辩护人。三是申请回避的权利。对检察人员或者其近亲属和本案有利害关系的，检察人员接受当事人及其委托的人的请客送礼，违反规定会见当事人及其委托的人的，犯罪嫌疑人有权要求其回避。四是使用本民族语言文字进行诉讼的权利。五是申请取保候审的权利。被羁押的犯罪嫌疑人及其法定代理人、近亲属和聘请的律师有权申请取保候审。六是对与本案无关的问题的讯问，有拒绝回答的权利。七是要求解除强制措施的权利。犯罪嫌疑人及其法定代理人、近亲属或者犯罪嫌疑人委托的律师及其他辩护人对于人民检察院采取强制措施超过法定期限的，有权要求解除强制措施。八是申请补充鉴定或者重新鉴定的权利。对用作证据的鉴定结论，犯罪嫌疑人可以申请补充鉴定或重新鉴定。九是对人民检察院做出的逮捕决定申诉的权利。职务犯罪犯罪嫌疑人不服逮捕决定的，可以要求人民检察院重新审查，并附申辩理由。十是对人民检察院做出的不起诉决定申诉的权利。犯罪嫌疑人对人民检察院做出的不起诉决定，可向人民检察院申诉。十一是核对笔录的权利。讯问笔录应当交犯罪嫌疑人核对，如果记载有遗漏或者差错，犯罪嫌疑人可以提出补充或者纠正。十二是对侵权提出控告的权利。对于检察人员侵犯公民诉讼权利和人身侮辱行为，犯罪嫌疑人有提出控告的权利。十三是获得赔偿的权利。犯罪嫌疑人的人身权利、财产权利因人民检察院及其工作人员违法行使职权受到侵犯的，犯罪嫌疑人有获得赔偿的权利。,检务公开
208,侦查和审查起诉阶段犯罪嫌疑人依法应当承担哪些义务？,根据法律规定，侦查和审查起诉阶段犯罪嫌疑人依法应当承担以下两项义务：一是如实回答的义务。犯罪嫌疑人对侦查人员的提问应当如实回答。二是在符合法定条件的情况下承受逮捕、拘留、监视居住、取保候审、拘传等强制措施，接受检察人员的讯问、搜查、扣押等侦查行为。,检务公开
209,侦查和审查起诉阶段被害人依法享有哪些权利？,根据法律规定，侦查和审查起诉阶段被害人依法享有以下八项权利：一是委托诉讼代理人的权利。被害人及其法定代理人、近亲属有权委托诉讼代理人。二是申请回避的权利。对检察人员或者其近亲属和本案有利害关系的，检察人员接受当事人及其委托的人的请客送礼，违反规定会见当事人及其委托的人的，被害人有权要求其回避。三是使用本民族语言文字进行诉讼的权利。四是请求立案的权利。对于人民检察院不立案的决定，被害人可申请复议；对于公安机关应当立案而不立案的，被害人有权向人民检察院提出立案请求。五是对不起诉决定申诉的权利。对人民检察院所做的不起诉的决定，被害人有权在收到不起诉决定书后七日以内向上一级人民检察院申诉，要求提起公诉，或者向人民法院起诉。六是要求赔偿损失的权利。对因被告人的犯罪行为而遭受的物质损失，被害人有权提起附带民事诉讼。七是申请补充鉴定和重新鉴定的权利。对用作证据的鉴定结论，被害人可以申请补充鉴定或者重新鉴定。八是请求抗诉的权利。被害人及其法定代理人不服地方各级人民法院第一审判决的，自收到判决后五日以内，有权请求人民检察院提出抗诉,检务公开
210,侦查和审查起诉阶段被害人依法应当承担哪些义务？,根据法律规定，侦查和审查起诉阶段被害人依法应当承担的义务有两项：一是如实向司法机关陈述案件事实的义务，是接受司法机关对其进行人身检查的义务。,检务公开
211.刑事诉讼中证人依法享有哪些权利？,根据法律规定，刑事诉讼中证人依法享有以下五项权利：一是安全保障权。人民检察院应当保障证人及其近亲属的安全。对证人及其近亲属进行威胁、侮辱、殴打或者打击报复，应当追究刑事责任或者应当给予治安管理处罚的，移送公安机关依法处理。二是充分陈述权。人民检察院必须保证证人有客观地、充分地提供证据的条件，除特殊情况外，可以吸收证人办助调查。三是核对笔录权。询问证人笔录应当交证人核对，如果记载有遗漏或差错，证人可以提出补充或者改正。四是证件知悉权。侦查人员询问证人，必须出示人民检察院的证明文件。五是侵权控告权。证人对于检察人员侵犯公民诉讼权利和人身侮辱的行为，有权提出控告。,,检务公开
212,刑事诉讼中证人依法承担哪些义务？,根据有关法律规定，刑事诉讼中证人依法承担以下两项义务：一是作证的义务。凡是知道案件情况的人，都有作证的义务。二是如实作证的义务。证人应当客观、如实提供证据，不得捏造事实、伪造证据进行诬告。诬告陷害和有意作伪证或者隐匿罪证，应负法律责任。第十九部分刑事诉讼中人民检察院保障律师依法执业规定及开展法律援助工作规定,检务公开
213,法律对律师会见犯罪嫌疑人有哪些规定？,会见犯罪嫌疑人是法律赋予律师辩护权的重要内容，人民检察院应依法予以支持和保障。根据法律规定，人民检察院直接受理立案侦查的案件，受犯罪嫌疑人委托的律师自检察人员第一次讯问犯罪嫌疑人后或者人民检察院对犯罪嫌疑人采取强制措施之日起，可以会见在押的犯罪嫌疑人，向犯罪嫌疑人了解有关案件情况。人民检察院应当将犯罪嫌疑人所涉嫌的罪名及犯罪嫌疑人的关押场所告知受委托的律师。在人民检察院审查起诉期间，辩护律师可以持委托书、律师事务所函会见犯罪嫌疑人。辩护律师会见犯罪嫌疑人时，人民检察院不派员在场。,检务公开
214,侦查阶段律师提出会见犯罪嫌疑人后人民检察院侦查部门应当在多长时间内安排会见？,侦查阶段律师提出会见犯罪嫌疑人后人民检察院侦查部门应当在四十八小时内安排会见。对于人民检察院直接立案侦查的贪污贿赂犯罪等重大复杂的两人以上的共同犯罪案件，律师提出会见在押犯罪嫌疑人的，人民检察院侦查部门应当在律师提出会见要求后五日内安排会见。人民检察院侦查部门安排律师会见犯罪嫌疑人时，可以根据案件情况和工作需要决定是否派员在场。,检务公开
215,律师会见在押犯罪嫌疑人时可以了解哪些情况？,根据法律规定，律师会见在押犯罪嫌疑人时可以了解以下情况：犯罪嫌疑人的基本情况；犯罪嫌疑人是否实施或参与所涉嫌的犯罪；犯罪嫌疑人关于案件事实和情节的陈述；犯罪嫌疑人关于其无罪、罪轻的辩解；被采取强制措施的法律手续是否完备，程序是否合法；被采取强制措施后其人身权利、诉讼权利是否受到侵犯；其他需要了解的与案件有关的情况。,检务公开
216,律师提出变更或解除强制措施申请后人民检察院应当怎么做？,人民检察院直接受理立案侦查的案件，犯罪嫌疑人被决定逮捕的，受犯罪嫌疑人委托的律师可以为其申请取保候审；受犯罪嫌疑人委托的律师认为羁押超过法定期限的，可以要求解除或者变更强制措施。人民检察院应当在七日内做出决定并由侦查部门书面答复受犯罪嫌疑人委托的律师。人民检察院审查移送起诉的案件，辩护律师认为人民检察院采取强制措施超过法定期限的，有权要求解除或者变更强制措施。人民检察院应当在七日内做出书面决定并由公诉部门书面答复辩护律师。,检务公开
217,人民检察院在办理案件中是否听取律师的意见？,根据有关规定，人民检察院在侦查终结前，案件承办人应当听取受委托的律师关于案件的意见，并记明笔录附卷。受委托的律师提出书面意见的，应当附卷。人民检察院对律师提出的证明犯罪嫌疑人无罪、罪轻，或者减轻、免除其刑事责任的意见，办案人员应当认真进行审查,检务公开
218,律师需要查阅案卷材料时人民检察院应当怎么办？,律师查阅案卷材料是法律赋予律师的权利，是律师行使辩护权的基础和保障，人民检察院应当给予支持和帮助。辩护律师以及被害人及其法定代理人或者近亲属委托作为诉讼代理人的律师自人民检察院对案件审查起诉之日起，可以查阅、摘抄、复制本案的诉讼文书、技术性鉴定材料。对于律师要求查阅、摘抄、复制本案的诉讼文书、技术性鉴定材料的，人民检察院公诉部门受理后应当安排办理；不能当日办理的，应当向律师说明理由，并在三日内择定日期，及时通知律师。在人民检察院审查起诉期间和提起公诉以后，辩护律师发现犯罪嫌疑人无罪、罪轻、减轻或者免除处罚的证据材料并向人民检察院提供的，人民检察院公诉部门应当接受并进行审查。,检务公开
219,辩护律师能否向人民检察院提出收集、调取证据申请？,根据法律规定，辩护律师在行使辩护权的过程中，如果认为需要，可以向人民检察院提出收集、调取证据申请。人民检察院应当根据具体情况分别处理：一是辩护律师申请人民检察院向犯罪嫌疑人提供的证人或者其他有关单位和个人收集、调取证据的，对于影响认定案件事实和适用法律的，人民检察院应当依法收集、调取，并制作笔录附卷。二是辩护律师向人民检察院提出申请要求向被害人或者其近亲属、被害人提供的证人收集与本案有关的材料的，人民检察院应当征求被害人或者其近亲属、被害人提供的证人的意见，经过审查，在七日内做出是否许可的决定，并通知申请人。人民检察院没有许可的，应当书面说明理由。,检务公开
220,人民检察院对律师投诉应该怎么处理？,律师在办理刑事案件的过程中，发现人民检察院办案部门和办案人员违反法律和依法执业的规定的，可以向承办案件的人民检察院或者上一级人民检察院投诉。各级人民检察院接到律师投诉后，应当依照有关法律和依法执业的规定的要求及时处理。律师对不依法安排会见进行投诉的，人民检察院应当在接到投诉后五日内进行审查并做出决定，通知办案部门执行。各级人民检察院应当及时向投诉人书面告知处理情况。对于律师投诉检察人员违法办案的，有关人民检察院应当及时调查，确属违法违纪的，应依法依纪追究有关人员的法律和纪律责任。,检务公开
221,人民检察院应在哪个诉讼环节告知诉讼参与人有权申请法律援助？,人民检察院应在以下两个诉讼环节告知诉讼参与人有权申请法律援助：一是人民检察院在对犯罪嫌疑人依法进行第一次讯问后或者采取强制措施之日起，在告知犯罪嫌疑人有权聘请律师为其提供法律咨询以及代理申诉、控告，或者为其申请取保候审的同时，应当告知其如果经济困难，可以向法律援助机构申请法律援助。对于涉及国家秘密的案件，应当告知犯罪嫌疑人申请法律援助需经侦查机关批准二是人民检察院自收到移送审查起诉的案件材料之日起三日内，在告知犯罪嫌疑人有权委托辩护人的同时，应当告知其如果经济困难，可以向法律援助机构申请法律援助；在告知被害人及其法定代理人或者其近亲属有权委托诉讼代理人的同时，应当告知其如果经济困难，可以向法律援助机构申请法律援助。,检务公开
222,人民检察院应当如何办理诉讼参与人的法律援助申请？,人民检察院在收到被羁押的犯罪嫌疑人提出的法律援助申请后，应当在二十四小时内将其申请转交所在地的法律援助机构，并通知申请人的法定代理人、近亲属或者其委托的其他人员协助提供《法律援助条例》第十七条规定的有关证件、证明及案件材料。犯罪嫌疑人的法定代理人或者近亲属地址不详无法通知的，人民检察院应当在转交申请时一并告知法律援助机构。,检务公开
223,人民检察院应如何依法支持承办法律援助案件的律师办案？,人民检察院应当依法支持承办法律援助案件的律师开展工作，告知律师犯罪嫌疑人涉嫌的罪名，依法安排律师会见在押的犯罪嫌疑人，为律师向犯罪嫌疑人提供法律咨询以及代理申诉、控告，为在押的犯罪嫌疑人申请取保候审等提供必要的便利条件。在审查起诉阶段，人民检察院应当为承办法律援助案件的律师查阅、摘抄、复制案件的诉讼文书、技术性鉴定材料以及同在押的犯罪嫌疑人会见和通信提供便利条件。人民检察院审查案件，应当听取承办法律援助案件的律师的意见。在提起公诉或者做出不起诉决定后，人民检察院应当在五日内将案件办理结果告知承办法律援助案件的律师。人民检察院对承办法律援助案件的律师复制必要的相关材料的费用应当予以免收或者减收，减收的标准按复制材料所必需的工本费用计算。人民检察院在办案过程中发现律师违反职业道德和执业纪律，损害受援人利益的，应当及时向作出指派的法律援助机构通报有关情况。第二十部分国家刑事赔偿规定,检务公开
224,什么是刑事赔偿？,刑事赔偿，是指人民检察院受理赔偿请求人以检察机关或者检察机关工作人员违法行使职权，侵害公民、法人或者其他组织合法权益为由而提出的赔偿请求，决定是否赔偿和如何赔偿的审理工作。人民检察院设立刑事赔偿工作办公室，负责检察机关的刑事赔偿工作。,检务公开
225,检察机关及其工作人员在行使职权时出现何种情形，受害人有获得赔偿的权利？,检察机关及其工作人员在行使职权时有下列五种情形之一的，受害人有获得赔偿的权利：对没有犯罪事实或者没有事实证明有重大犯罪嫌疑的人错误拘留的；对没有犯罪事实的人错误逮捕的；刑讯逼供或者以殴打等暴力行为，或者唆使他人以殴打等暴力行为造成公民身体伤害或者死亡的；违法使用武器、警械造成公民身体伤害或者死亡的；违法对财产采取查封、扣押、冻结、追缴等措施的。,检务公开
226,检察机关不承担赔偿义务的情形有哪些？,有下列六种情形之一的，检察机关不承担赔偿义务：因公民自己故意作虚假供述，或者伪造其他有罪证据被羁押或者被判处刑罚的；依照《刑法》第十七条、第十八条规定不负刑事责任的人被羁押的；依照《刑事诉讼法》第十五条规定不追究刑事责任的人被羁押的；行使国家侦查、检察审判、监狱管理职权的机关的工作人员与行使职权无关的个人行为；因公民自伤、自残等故意行为致使损害发生的；法律规定的其他情形。,检务公开
227,赔偿请求人提出赔偿申请的条件是什么？,赔偿请求人以人民检察院及其工作人员在行使职权过程中侵犯其合法权益造成损害为由，向侵权机关提出赔偿请求的，必须是被侵权事项依法经过确认的。赔偿请求人要求确认其被侵权事项的，应当以书面形式向负有赔偿义务的人民检察院提出。书写确有困难的，可以委托他人代为书写，也可以口头申请，由赔偿义务机关记人笔录。人民检察院对赔偿请求人确认其被侵权事项的申请必须受理。,检务公开
228,确认并进入赔偿程序需要哪些法律文书或证明材有下列法律文书或证明材料的赔偿申请，请求赔偿的违法侵犯人身权情形，以确认论，应当进人赔偿程序：人民检察院撤销拘留决定书；人民检察院撤销逮捕决定书；人民检察院撤销案件决定书；人民检察院不起诉决定书；人民检察院予以纠正的复查决定书；公安机关撤销案件后予以释放的证明书；人民法院宣告无罪已经发生法律效力的刑事判决书、裁定书；对检察机关工作人员在行使职权中刑讯逼供，或者以殴打等暴力行为，或者唆使他人以殴打等暴力行为造成公民身体伤害、死亡，做出处理决定的文书；对违法使用武器、警械造成公民身体伤害、死亡，做出处理决定的文书。,,检务公开
229,人民检察院对哪些情形的逮捕、拘留决定有无侵犯人身权依法进行确认？,证据不足的撤销案件、不起诉案件或者判决无罪的案件，应当由人民检察院分别下列情形对检察机关做出的逮捕、拘留决定有无侵犯人身权情形依法进行确认：一是对不能证明有犯罪事实或者不能证明有犯罪重大嫌疑的人错误拘留的，予以确认；二是对不能证明有犯罪事实的人错误逮捕的，予以确认；是对有证据证明有部分犯罪事实的人拘留、逮捕，或者有证据证明有犯罪重大嫌疑的人拘留的，不予确认。,检务公开
230,请求返还被人民检察院查封、扣押、冻结、追缴的财产的赔偿请求需要确认有无违法侵犯财产权的情形有哪些？,请求返还被人民检察院查封、扣押、冻结、追缴的财产的赔偿请求需要确认有无违法侵犯财产权的情形有四种：一是人民检察院撤销案件决定书、不起诉决定书、复查纠正决定书及人民法院宣告无罪发生法律效力的判决书、裁定书，对查封、扣押、冻结、追缴的财产做出返还当事人决定的，或者具有对采取查封、扣押、冻结、追缴财产等措施认定为违法的法律文书的，以确认论；二是没有履行必要的法律手续，查封、扣押、冻结、追缴当事人财产的，予以确认；三是有证据证明查封、扣押冻追缴的财产为当事人个人合法财产的，予以确认；四是有证据证明查封、扣押、冻结、追缴的财产属于违法所得的，不予确认。,检务公开
231,人民检察院办理刑事赔偿案件程序有哪些具体要人民检察院办理刑事赔偿案件程序的具体要求有四个方面：一是对于要求确认有《国家赔偿法》相关规定情形之一的，应由刑事赔偿工作办公室按照人民检察院内部的业务分工，将相关材料转交有关部门，有关部门应在两个月内提出违法侵权情形是否存在的书面意见，移送刑事赔偿工作办公室。刑事赔偿工作办公室审查并报检察长或者检察委员会决定后，制作《人民检察院刑事确认书》，送达赔偿请求人。二是在刑事赔偿案件受理阶段或者复议阶段发现原确认可能错误的，由刑事赔偿工作办公室提出书面审查意见，报检察长或者检察委员会决定后，通知案件原承办机关或者部门重新审查。刑事赔偿工作办公室应同时制作《人民检察院重新确认通知书》，送达赔偿请求人。三是地方各级人民检察院和专门人民检察院办理本院为赔偿义务机关的刑事赔偿确认案件，对赔偿请求人要求确认的全部或者部分违法侵权事项，拟作不予确认决定的，应当报请上一级人民检察院批准。上一级人民检察院应当在收到案件二十日以内做出是否同意不予确认的决定，并书面批复下级人民检察院；对于重大复杂的刑事赔偿确认案件，审查批准的时间可以延长十日。下级人民检察院接到上一级人民检察院的批复后，应当在七日以内依据批复做出决定，并报上一级人民检察院备案。四是上一级人民检察院发现下级人民检察院对应当依法进行刑事赔偿确认的案件不依法受理或者受理后不及时做出刑事赔偿确认决定的，应当责令下级人民检察院受理，及时做出刑事赔偿确认决定。,,检务公开
232,刑事赔偿申请必须同时具备哪些条件才能立案？,赔偿请求人提出赔偿申请，应当递交赔偿申请书，同时符合下列条件的刑事赔偿申请，应当立案：请求赔偿的违法侵权情形已经依法确认，检察机关为赔偿义务机关，本院负有赔偿义务，赔偿请求人具备《国家赔偿法》第六条规定的条件，符合《国家赔偿法》第三十二条规定的请求赔偿时效，请求赔偿的材料齐备。对符合立案条件的赔偿申请，负有赔偿义务的人民检察院应当在收到赔偿申请之日起七日内立案，制作《人民检察院刑事赔偿立案决定书》，并通知赔偿请求人。,检务公开
233,人民检察院对不符合立案条件的赔偿申请应如何处理？,对不符合立案条件的赔偿申请，人民检察院应分别下列不同情况予以处理：．未经依法确认的，告知赔偿请求人先向有侵权情形的机关请求确认。不属于人民检察院赔偿的，告知赔偿请求人向负有赔偿义务的机关提出。．本院不负有赔偿义务的，告知赔偿请求人向负有赔偿义务的人民检察院提出，或者移送负有赔偿义务的人民检察院，并通知赔偿请求人。.赔偿请求人不具备《国家赔偿法》第六条规定条件的，告知赔偿请求人。．对赔偿请求已过法定时效的，告知赔偿请求人已经丧失请求赔偿权。.对材料不齐备的，告知赔偿请求人补充有关材料。对上列事项，均应在收到赔偿申请之日起七日内填写《人民检察院审查刑事赔偿申请通知书》，送达赔偿请求人。,检务公开
234,人民检察院办理刑事赔偿案件期限有何要求？,人民检察院办理刑事赔偿案件应当自受理赔偿申请之日起两个月内做出决定，制作《人民检察院刑事赔偿决定书》，送达赔偿请求人。受理赔偿申请的时间应当自材料补充齐备之日起计算。,检务公开
235,赔偿请求人申请复议期限和复议机关复议期限是如何规定的？,赔偿请求人对赔偿义务机关逾期不予赔偿、决定不予刑事赔偿或者对决定的数额有异议的，可以自期间届满之日起三十日内向上一级人民检察院申请复议。复议机关应当自收到复议申请之日起两个月内做出复议决定。复议决定做出后，应当制作《刑事赔偿复议决定书》，直接送达赔偿义务机关和赔偿请求人。直接送达赔偿请求人有困难的，可以委托其所在地的人民检察院代为送达。人民检察院复议刑事赔偿案件，实行一次复议制。,检务公开
236,复议机关收到复议申请后应如何办理？,复议机关收到复议申请后应全面进行审查，分别下列情况予以处理：对符合法定条件的复议申请，复议机关应予受理；对超过法定期间提出的，复议机关不予受理；对申请复议的材料不齐备的，告知赔偿请求人补充有关材料。复议机关复议后，应分别不同情况做出决定：原决定事实清楚，适用法律正确，赔偿方式、数额适当的，予以维持；原决定认定事实或适用法律错误的，予以纠正，赔偿方式、数额不当的，予以变更；赔偿义务机关逾期未做出决定的，依法做出决定。,检务公开
237,人民检察院应如何执行刑事赔偿决定？,负有赔偿义务的人民检察院负责刑事赔偿决定的执行。支付赔偿金的，由刑事赔偿工作办公室办理；返还财产或者恢复原状的，由刑事赔偿工作办公室通知原案件承办部门执行。对有《国家赔偿法》第十五条第（一）、（二）项规定的情形之一并造成受害人名誉权、荣誉权损害的，负有赔偿义务的人民检察院应当在侵权行为影响的范围内，为受害人消除影响，恢复名誉，赔礼道歉。,检务公开
238,刑事赔偿决定执行期限有哪些要求？,赔偿义务机关做出赔偿决定后，赔偿请求人在《国家赔偿法》规定的期间内未向上一级人民检察院申请复议的，即应执行。复议机关做出复议决定后，赔偿请求人自收到复议决定之日起三十日内未向人民法院赔偿委员会提出申请的，赔偿义务机关即应执行，并将执行情况报告复议机关。,检务公开
239,赔偿义务机关如果认为人民法院赔偿委员会的决定确有错误应如何处理？,经人民检察院依法确认有违法侵权情形存在，人民法院赔偿委员会做出赔偿决定的，负有赔偿义务的人民检察院应当执行。赔偿义务机关如果认为人民法院赔偿委员会的赔偿决定确有错误，可以向做出赔偿决定的人民法院的上一级人民法院提出确有错误的事实和理由，并向上一级人民检察院报告，上一级人民检察院或者省级人民检察院可以向同级人民法院赔偿委员会提出建议。,检务公开